日期,代码,name,收盘,涨幅%,量比,换手%,信号强度,5日内最高收益%,操作建议
2026-03-23,002840,华统股份,10.72,6.99,3.14,9.26,极强 (⭐⭐⭐⭐⭐),7.46,极强抢筹；若3日无收益或破触发日最低价则离场
2026-03-19,603817,海峡环保,9.07,4.25,3.05,14.57,极强 (⭐⭐⭐⭐⭐),1.54,极强抢筹；若3日无收益或破触发日最低价则离场
2026-03-18,605299,舒华体育,14.06,5.71,3.36,9.8,极强 (⭐⭐⭐⭐⭐),26.17,极强抢筹；若3日无收益或破触发日最低价则离场
2026-03-18,002950,奥美医疗,11.92,4.29,3.19,6.55,极强 (⭐⭐⭐⭐⭐),6.38,极强抢筹；若3日无收益或破触发日最低价则离场
2026-03-18,603817,海峡环保,8.7,4.32,3.14,12.91,极强 (⭐⭐⭐⭐⭐),5.86,极强抢筹；若3日无收益或破触发日最低价则离场
2026-03-16,603817,海峡环保,8.18,6.23,3.99,11.75,极强 (⭐⭐⭐⭐⭐),11.61,极强抢筹；若3日无收益或破触发日最低价则离场
2026-03-12,600328,中盐化工,10.41,4.73,3.85,11.48,极强 (⭐⭐⭐⭐⭐),2.21,极强抢筹；若3日无收益或破触发日最低价则离场
2026-03-12,600628,新世界,9.13,4.1,3.37,10.2,极强 (⭐⭐⭐⭐⭐),2.3,极强抢筹；若3日无收益或破触发日最低价则离场
2026-03-11,600930,华电新能,6.37,3.41,4.13,12.04,极强 (⭐⭐⭐⭐⭐),10.68,极强抢筹；若3日无收益或破触发日最低价则离场
2026-03-05,600318,新力金融,9.94,4.41,3.67,13.59,极强 (⭐⭐⭐⭐⭐),2.92,极强抢筹；若3日无收益或破触发日最低价则离场
2026-03-03,603836,海程邦达,15.45,5.53,3.48,6.0,极强 (⭐⭐⭐⭐⭐),-1.62,极强抢筹；若3日无收益或破触发日最低价则离场
2026-03-03,603169,兰石重装,11.47,3.15,3.32,8.78,极强 (⭐⭐⭐⭐⭐),0.52,极强抢筹；若3日无收益或破触发日最低价则离场
2026-01-16,603089,正裕工业,13.85,5.4,3.36,6.97,极强 (⭐⭐⭐⭐⭐),7.22,极强抢筹；若3日无收益或破触发日最低价则离场
2026-01-15,002131,利欧股份,10.4,4.73,3.37,43.94,极强 (⭐⭐⭐⭐⭐),-10.0,极强抢筹；若3日无收益或破触发日最低价则离场
2026-01-12,002212,天融信,10.17,6.72,3.13,9.88,极强 (⭐⭐⭐⭐⭐),5.9,极强抢筹；若3日无收益或破触发日最低价则离场
2026-01-12,600590,泰豪科技,10.88,4.72,3.06,11.83,极强 (⭐⭐⭐⭐⭐),-0.09,极强抢筹；若3日无收益或破触发日最低价则离场
2025-12-24,002245,蔚蓝锂芯,17.65,6.45,3.78,10.05,极强 (⭐⭐⭐⭐⭐),6.29,极强抢筹；若3日无收益或破触发日最低价则离场
2025-12-12,600353,旭光电子,17.23,3.17,3.32,8.68,极强 (⭐⭐⭐⭐⭐),2.44,极强抢筹；若3日无收益或破触发日最低价则离场
2025-12-12,603269,海鸥股份,13.55,4.15,3.18,11.05,极强 (⭐⭐⭐⭐⭐),2.51,极强抢筹；若3日无收益或破触发日最低价则离场
2025-12-12,600522,中天科技,17.69,3.75,3.1,6.68,极强 (⭐⭐⭐⭐⭐),5.94,极强抢筹；若3日无收益或破触发日最低价则离场
2025-12-08,603166,福达股份,15.95,7.34,3.02,5.75,极强 (⭐⭐⭐⭐⭐),0.19,极强抢筹；若3日无收益或破触发日最低价则离场
2025-12-01,603758,秦安股份,18.87,5.42,3.18,7.19,极强 (⭐⭐⭐⭐⭐),3.07,极强抢筹；若3日无收益或破触发日最低价则离场
2025-11-20,603928,兴业股份,16.35,3.09,3.14,5.24,极强 (⭐⭐⭐⭐⭐),3.85,极强抢筹；若3日无收益或破触发日最低价则离场
2025-11-19,600152,维科技术,8.98,6.02,3.21,23.86,极强 (⭐⭐⭐⭐⭐),-1.56,极强抢筹；若3日无收益或破触发日最低价则离场
2025-11-13,600222,太龙药业,7.9,4.91,3.16,13.83,极强 (⭐⭐⭐⭐⭐),4.68,极强抢筹；若3日无收益或破触发日最低价则离场
2025-11-10,600218,全柴动力,11.19,4.09,4.0,14.87,极强 (⭐⭐⭐⭐⭐),-1.43,极强抢筹；若3日无收益或破触发日最低价则离场
2025-11-06,000565,渝三峡Ａ,8.75,5.42,3.99,10.43,极强 (⭐⭐⭐⭐⭐),7.43,极强抢筹；若3日无收益或破触发日最低价则离场
2025-10-31,002668,TCL智家,10.89,5.22,3.73,5.93,极强 (⭐⭐⭐⭐⭐),7.07,极强抢筹；若3日无收益或破触发日最低价则离场
2025-10-27,002337,赛象科技,7.23,3.88,3.57,17.36,极强 (⭐⭐⭐⭐⭐),13.55,极强抢筹；若3日无收益或破触发日最低价则离场
2025-09-05,002531,天顺风能,7.59,7.2,3.13,6.16,极强 (⭐⭐⭐⭐⭐),2.64,极强抢筹；若3日无收益或破触发日最低价则离场
2025-09-03,000821,京山轻机,13.3,4.89,3.81,16.43,极强 (⭐⭐⭐⭐⭐),12.41,极强抢筹；若3日无收益或破触发日最低价则离场
2025-08-22,002283,天润工业,7.18,6.21,3.56,12.26,极强 (⭐⭐⭐⭐⭐),0.42,极强抢筹；若3日无收益或破触发日最低价则离场
2025-08-21,002658,雪迪龙,8.6,4.24,3.24,14.01,极强 (⭐⭐⭐⭐⭐),8.14,极强抢筹；若3日无收益或破触发日最低价则离场
2025-08-20,002052,同洲电子,19.0,4.11,3.3,20.1,极强 (⭐⭐⭐⭐⭐),10.53,极强抢筹；若3日无收益或破触发日最低价则离场
2025-08-20,603088,宁波精达,10.6,4.95,3.19,10.49,极强 (⭐⭐⭐⭐⭐),4.91,极强抢筹；若3日无收益或破触发日最低价则离场
2025-08-18,605006,山东玻纤,8.95,4.56,3.36,11.68,极强 (⭐⭐⭐⭐⭐),-2.12,极强抢筹；若3日无收益或破触发日最低价则离场
2025-08-18,002249,大洋电机,8.28,4.81,3.33,15.6,极强 (⭐⭐⭐⭐⭐),-0.36,极强抢筹；若3日无收益或破触发日最低价则离场
2025-08-11,601002,晋亿实业,5.74,4.55,3.9,6.31,极强 (⭐⭐⭐⭐⭐),7.67,极强抢筹；若3日无收益或破触发日最低价则离场
2025-07-28,002697,红旗连锁,6.03,5.79,4.02,9.83,极强 (⭐⭐⭐⭐⭐),7.79,极强抢筹；若3日无收益或破触发日最低价则离场
2025-07-25,002406,远东传动,7.85,4.11,3.01,15.37,极强 (⭐⭐⭐⭐⭐),9.81,极强抢筹；若3日无收益或破触发日最低价则离场
2025-07-22,002320,海峡股份,8.18,8.2,4.36,8.13,极强 (⭐⭐⭐⭐⭐),9.66,极强抢筹；若3日无收益或破触发日最低价则离场
2025-07-22,002358,森源电气,5.58,4.1,3.23,6.5,极强 (⭐⭐⭐⭐⭐),3.05,极强抢筹；若3日无收益或破触发日最低价则离场
2025-07-21,603969,银龙股份,8.3,7.37,4.08,14.32,极强 (⭐⭐⭐⭐⭐),15.3,极强抢筹；若3日无收益或破触发日最低价则离场
2025-07-21,000922,佳电股份,11.73,5.01,3.18,6.13,极强 (⭐⭐⭐⭐⭐),20.97,极强抢筹；若3日无收益或破触发日最低价则离场
2025-07-17,002373,千方科技,10.42,4.51,3.08,6.1,极强 (⭐⭐⭐⭐⭐),9.98,极强抢筹；若3日无收益或破触发日最低价则离场
2025-07-14,002587,奥拓电子,6.98,3.87,3.25,15.22,极强 (⭐⭐⭐⭐⭐),2.44,极强抢筹；若3日无收益或破触发日最低价则离场
2025-07-10,002909,集泰股份,6.48,3.18,3.23,11.93,极强 (⭐⭐⭐⭐⭐),1.39,极强抢筹；若3日无收益或破触发日最低价则离场
2025-07-08,603601,再升科技,5.49,5.78,3.71,24.62,极强 (⭐⭐⭐⭐⭐),7.65,极强抢筹；若3日无收益或破触发日最低价则离场
2025-07-08,603628,清源股份,13.04,4.24,3.09,6.65,极强 (⭐⭐⭐⭐⭐),9.74,极强抢筹；若3日无收益或破触发日最低价则离场
2025-07-07,600719,大连热电,7.1,5.03,3.81,11.8,极强 (⭐⭐⭐⭐⭐),1.69,极强抢筹；若3日无收益或破触发日最低价则离场
2025-07-02,000039,中集集团,8.13,5.31,3.57,6.6,极强 (⭐⭐⭐⭐⭐),0.0,极强抢筹；若3日无收益或破触发日最低价则离场
2025-07-02,603628,清源股份,12.58,3.37,3.55,5.12,极强 (⭐⭐⭐⭐⭐),4.13,极强抢筹；若3日无收益或破触发日最低价则离场
2025-06-24,002676,顺威股份,7.18,5.28,3.18,9.64,极强 (⭐⭐⭐⭐⭐),8.91,极强抢筹；若3日无收益或破触发日最低价则离场
2025-06-23,002805,丰元股份,14.1,4.44,4.24,15.88,极强 (⭐⭐⭐⭐⭐),10.0,极强抢筹；若3日无收益或破触发日最低价则离场
2025-06-23,603386,骏亚科技,12.27,3.98,3.3,7.66,极强 (⭐⭐⭐⭐⭐),6.52,极强抢筹；若3日无收益或破触发日最低价则离场
2025-06-23,002268,电科网安,17.85,4.57,3.03,7.13,极强 (⭐⭐⭐⭐⭐),5.55,极强抢筹；若3日无收益或破触发日最低价则离场
2025-06-16,002401,中远海科,15.28,4.16,3.13,5.73,极强 (⭐⭐⭐⭐⭐),8.97,极强抢筹；若3日无收益或破触发日最低价则离场
2025-06-09,605066,天正电气,8.23,3.39,3.99,17.65,极强 (⭐⭐⭐⭐⭐),-0.97,极强抢筹；若3日无收益或破触发日最低价则离场
2025-06-06,600459,贵研铂业,15.23,6.73,3.16,6.01,极强 (⭐⭐⭐⭐⭐),4.01,极强抢筹；若3日无收益或破触发日最低价则离场
2025-05-21,603901,永创智能,12.12,5.3,3.53,12.01,极强 (⭐⭐⭐⭐⭐),-0.08,极强抢筹；若3日无收益或破触发日最低价则离场
2025-05-14,600428,中远海特,6.6,7.49,4.2,5.79,极强 (⭐⭐⭐⭐⭐),5.15,极强抢筹；若3日无收益或破触发日最低价则离场
2025-05-14,002825,纳尔股份,12.37,3.43,3.06,20.85,极强 (⭐⭐⭐⭐⭐),-2.59,极强抢筹；若3日无收益或破触发日最低价则离场
2025-04-08,603569,长久物流,8.16,7.94,4.04,9.55,极强 (⭐⭐⭐⭐⭐),5.64,极强抢筹；若3日无收益或破触发日最低价则离场
2025-04-08,002201,九鼎新材,6.36,7.98,3.59,10.95,极强 (⭐⭐⭐⭐⭐),9.91,极强抢筹；若3日无收益或破触发日最低价则离场
2025-04-08,603079,圣达生物,15.67,5.45,3.57,15.72,极强 (⭐⭐⭐⭐⭐),16.27,极强抢筹；若3日无收益或破触发日最低价则离场
2025-03-31,002658,雪迪龙,7.15,5.77,3.38,9.31,极强 (⭐⭐⭐⭐⭐),1.12,极强抢筹；若3日无收益或破触发日最低价则离场
2025-03-24,000039,中集集团,9.9,5.43,3.92,8.63,极强 (⭐⭐⭐⭐⭐),-0.81,极强抢筹；若3日无收益或破触发日最低价则离场
2025-03-24,600054,黄山旅游,12.16,3.58,3.13,5.04,极强 (⭐⭐⭐⭐⭐),0.58,极强抢筹；若3日无收益或破触发日最低价则离场
2025-03-18,002052,同洲电子,5.73,4.95,3.69,6.91,极强 (⭐⭐⭐⭐⭐),10.3,极强抢筹；若3日无收益或破触发日最低价则离场
2025-03-14,002404,嘉欣丝绸,6.39,3.57,3.3,6.28,极强 (⭐⭐⭐⭐⭐),0.16,极强抢筹；若3日无收益或破触发日最低价则离场
2025-03-10,600711,盛屯矿业,5.25,5.21,3.01,5.32,极强 (⭐⭐⭐⭐⭐),13.9,极强抢筹；若3日无收益或破触发日最低价则离场
2025-02-27,000026,飞亚达,10.73,7.09,3.31,5.17,极强 (⭐⭐⭐⭐⭐),1.12,极强抢筹；若3日无收益或破触发日最低价则离场
2025-02-24,002097,山河智能,8.03,5.24,3.47,6.88,极强 (⭐⭐⭐⭐⭐),21.17,极强抢筹；若3日无收益或破触发日最低价则离场
2025-02-21,000821,京山轻机,13.82,5.9,3.54,10.01,极强 (⭐⭐⭐⭐⭐),4.2,极强抢筹；若3日无收益或破触发日最低价则离场
2025-02-19,002598,山东章鼓,11.06,5.43,3.54,13.74,极强 (⭐⭐⭐⭐⭐),3.07,极强抢筹；若3日无收益或破触发日最低价则离场
2025-02-17,603327,福蓉科技,10.91,5.51,3.35,5.47,极强 (⭐⭐⭐⭐⭐),-1.01,极强抢筹；若3日无收益或破触发日最低价则离场
2025-02-06,002406,远东传动,6.7,4.85,3.76,11.01,极强 (⭐⭐⭐⭐⭐),5.22,极强抢筹；若3日无收益或破触发日最低价则离场
2025-01-24,002973,侨银股份,11.87,6.55,4.14,6.79,极强 (⭐⭐⭐⭐⭐),10.11,极强抢筹；若3日无收益或破触发日最低价则离场
2025-01-03,603890,春秋电子,12.32,4.05,3.18,15.33,极强 (⭐⭐⭐⭐⭐),16.23,极强抢筹；若3日无收益或破触发日最低价则离场
2024-12-12,600597,光明乳业,9.8,5.26,4.08,6.13,极强 (⭐⭐⭐⭐⭐),-1.43,极强抢筹；若3日无收益或破触发日最低价则离场
2024-12-12,600858,银座股份,5.87,6.53,3.07,8.94,极强 (⭐⭐⭐⭐⭐),5.79,极强抢筹；若3日无收益或破触发日最低价则离场
2024-12-11,603182,嘉华股份,12.9,4.54,3.03,5.87,极强 (⭐⭐⭐⭐⭐),1.86,极强抢筹；若3日无收益或破触发日最低价则离场
2024-11-19,600884,杉杉股份,10.1,7.33,3.95,11.2,极强 (⭐⭐⭐⭐⭐),0.69,极强抢筹；若3日无收益或破触发日最低价则离场
2024-11-18,605167,利柏特,10.07,8.16,3.16,6.84,极强 (⭐⭐⭐⭐⭐),9.14,极强抢筹；若3日无收益或破触发日最低价则离场
2024-11-11,002010,传化智联,5.68,7.17,3.88,8.1,极强 (⭐⭐⭐⭐⭐),7.92,极强抢筹；若3日无收益或破触发日最低价则离场
2024-11-07,603182,嘉华股份,12.45,7.33,3.93,7.54,极强 (⭐⭐⭐⭐⭐),0.4,极强抢筹；若3日无收益或破触发日最低价则离场
2024-11-05,002009,天奇股份,13.7,3.32,3.88,18.62,极强 (⭐⭐⭐⭐⭐),9.34,极强抢筹；若3日无收益或破触发日最低价则离场
2024-10-10,002973,侨银股份,10.0,6.5,3.14,5.52,极强 (⭐⭐⭐⭐⭐),4.9,极强抢筹；若3日无收益或破触发日最低价则离场
2024-09-30,603982,泉峰汽车,8.85,8.46,4.27,5.29,极强 (⭐⭐⭐⭐⭐),10.06,极强抢筹；若3日无收益或破触发日最低价则离场
2024-09-30,001299,美能能源,9.11,8.45,4.23,11.87,极强 (⭐⭐⭐⭐⭐),10.87,极强抢筹；若3日无收益或破触发日最低价则离场
2024-09-30,600359,新农开发,6.78,7.11,4.06,6.25,极强 (⭐⭐⭐⭐⭐),9.14,极强抢筹；若3日无收益或破触发日最低价则离场
2024-09-30,603162,海通发展,9.4,7.92,3.96,5.36,极强 (⭐⭐⭐⭐⭐),9.68,极强抢筹；若3日无收益或破触发日最低价则离场
2024-09-30,601133,柏诚股份,10.78,8.34,3.95,11.13,极强 (⭐⭐⭐⭐⭐),10.3,极强抢筹；若3日无收益或破触发日最低价则离场
2024-09-30,600969,郴电国际,6.31,7.86,3.95,9.12,极强 (⭐⭐⭐⭐⭐),9.98,极强抢筹；若3日无收益或破触发日最低价则离场
2024-09-30,001217,华尔泰,10.21,8.27,3.85,8.38,极强 (⭐⭐⭐⭐⭐),9.79,极强抢筹；若3日无收益或破触发日最低价则离场
2024-09-30,002264,新 华 都,5.74,8.3,3.77,7.47,极强 (⭐⭐⭐⭐⭐),9.76,极强抢筹；若3日无收益或破触发日最低价则离场
2024-09-30,002276,万马股份,8.06,8.48,3.7,6.3,极强 (⭐⭐⭐⭐⭐),10.05,极强抢筹；若3日无收益或破触发日最低价则离场
2024-09-30,002757,南兴股份,13.31,8.39,3.69,6.94,极强 (⭐⭐⭐⭐⭐),10.14,极强抢筹；若3日无收益或破触发日最低价则离场
2024-09-30,600198,大唐电信,8.05,8.2,3.66,21.13,极强 (⭐⭐⭐⭐⭐),16.77,极强抢筹；若3日无收益或破触发日最低价则离场
2024-09-30,002725,跃岭股份,9.2,7.85,3.66,7.38,极强 (⭐⭐⭐⭐⭐),10.0,极强抢筹；若3日无收益或破触发日最低价则离场
2024-09-30,002910,庄园牧场,7.7,6.94,3.54,7.41,极强 (⭐⭐⭐⭐⭐),9.22,极强抢筹；若3日无收益或破触发日最低价则离场
2024-09-30,600523,贵航股份,12.36,7.85,3.48,7.32,极强 (⭐⭐⭐⭐⭐),9.95,极强抢筹；若3日无收益或破触发日最低价则离场
2024-09-30,002820,桂发祥,8.3,8.07,3.45,6.54,极强 (⭐⭐⭐⭐⭐),9.4,极强抢筹；若3日无收益或破触发日最低价则离场
2024-09-30,003042,中农联合,13.7,8.21,3.41,5.8,极强 (⭐⭐⭐⭐⭐),10.0,极强抢筹；若3日无收益或破触发日最低价则离场
2024-09-30,002188,中天服务,5.02,7.96,3.4,10.86,极强 (⭐⭐⭐⭐⭐),9.56,极强抢筹；若3日无收益或破触发日最低价则离场
2024-09-30,002103,广博股份,6.03,7.49,3.39,9.4,极强 (⭐⭐⭐⭐⭐),9.12,极强抢筹；若3日无收益或破触发日最低价则离场
2024-09-30,002196,方正电机,5.33,8.11,3.34,11.37,极强 (⭐⭐⭐⭐⭐),9.94,极强抢筹；若3日无收益或破触发日最低价则离场
2024-09-30,600222,太龙药业,5.27,8.21,3.34,8.34,极强 (⭐⭐⭐⭐⭐),9.87,极强抢筹；若3日无收益或破触发日最低价则离场
2024-09-30,603598,引力传媒,14.23,8.13,3.32,9.7,极强 (⭐⭐⭐⭐⭐),9.84,极强抢筹；若3日无收益或破触发日最低价则离场
2024-09-30,603878,武进不锈,6.17,8.06,3.3,5.19,极强 (⭐⭐⭐⭐⭐),10.05,极强抢筹；若3日无收益或破触发日最低价则离场
2024-09-30,002184,海得控制,10.6,8.5,3.22,10.99,极强 (⭐⭐⭐⭐⭐),10.0,极强抢筹；若3日无收益或破触发日最低价则离场
2024-09-30,600692,亚通股份,6.49,7.27,3.14,20.25,极强 (⭐⭐⭐⭐⭐),8.63,极强抢筹；若3日无收益或破触发日最低价则离场
2024-09-30,000922,佳电股份,10.98,7.44,3.08,5.32,极强 (⭐⭐⭐⭐⭐),10.11,极强抢筹；若3日无收益或破触发日最低价则离场
2024-09-30,001322,箭牌家居,8.93,8.24,3.06,6.66,极强 (⭐⭐⭐⭐⭐),9.41,极强抢筹；若3日无收益或破触发日最低价则离场
2024-09-30,002769,普路通,5.96,8.17,3.02,5.42,极强 (⭐⭐⭐⭐⭐),10.07,极强抢筹；若3日无收益或破触发日最低价则离场
2024-09-30,605001,威奥股份,5.88,8.29,3.0,5.18,极强 (⭐⭐⭐⭐⭐),10.37,极强抢筹；若3日无收益或破触发日最低价则离场
2024-09-26,600446,金证股份,11.39,4.4,3.5,5.96,极强 (⭐⭐⭐⭐⭐),45.22,极强抢筹；若3日无收益或破触发日最低价则离场
2024-09-04,603810,丰山集团,9.06,3.54,3.59,11.54,极强 (⭐⭐⭐⭐⭐),0.11,极强抢筹；若3日无收益或破触发日最低价则离场
2024-07-29,600679,上海凤凰,10.22,3.86,3.04,7.87,极强 (⭐⭐⭐⭐⭐),3.52,极强抢筹；若3日无收益或破触发日最低价则离场
2024-05-23,603098,森特股份,10.55,4.98,3.58,5.02,极强 (⭐⭐⭐⭐⭐),0.66,极强抢筹；若3日无收益或破触发日最低价则离场
2024-05-17,002410,广联达,13.62,7.58,3.95,9.52,极强 (⭐⭐⭐⭐⭐),1.47,极强抢筹；若3日无收益或破触发日最低价则离场
2024-05-09,001205,盛航股份,18.91,6.66,3.05,5.87,极强 (⭐⭐⭐⭐⭐),1.43,极强抢筹；若3日无收益或破触发日最低价则离场
2024-04-17,600138,中青旅,11.91,6.53,3.12,11.43,极强 (⭐⭐⭐⭐⭐),2.02,极强抢筹；若3日无收益或破触发日最低价则离场
2024-04-02,000612,焦作万方,6.34,7.82,3.24,6.45,极强 (⭐⭐⭐⭐⭐),17.98,极强抢筹；若3日无收益或破触发日最低价则离场
2024-04-01,600268,国电南自,5.89,5.56,3.2,6.8,极强 (⭐⭐⭐⭐⭐),0.0,极强抢筹；若3日无收益或破触发日最低价则离场
2024-03-15,002706,良信股份,8.13,7.4,3.8,8.11,极强 (⭐⭐⭐⭐⭐),1.23,极强抢筹；若3日无收益或破触发日最低价则离场
2024-02-29,600475,华光环能,11.41,4.2,3.41,5.23,极强 (⭐⭐⭐⭐⭐),0.09,极强抢筹；若3日无收益或破触发日最低价则离场
2024-02-29,600338,西藏珠峰,11.36,7.37,3.17,10.58,极强 (⭐⭐⭐⭐⭐),-2.46,极强抢筹；若3日无收益或破触发日最低价则离场
2024-01-11,002877,智能自控,11.34,3.66,4.2,21.82,极强 (⭐⭐⭐⭐⭐),0.26,极强抢筹；若3日无收益或破触发日最低价则离场
2024-01-02,600768,宁波富邦,12.23,4.53,3.19,8.46,极强 (⭐⭐⭐⭐⭐),0.08,极强抢筹；若3日无收益或破触发日最低价则离场
2023-12-20,601177,杭齿前进,9.84,4.68,3.04,7.89,极强 (⭐⭐⭐⭐⭐),10.16,极强抢筹；若3日无收益或破触发日最低价则离场
2023-11-22,600814,杭州解百,7.44,6.74,4.4,7.88,极强 (⭐⭐⭐⭐⭐),7.93,极强抢筹；若3日无收益或破触发日最低价则离场
2023-11-17,002585,双星新材,9.44,4.89,3.92,5.47,极强 (⭐⭐⭐⭐⭐),2.01,极强抢筹；若3日无收益或破触发日最低价则离场
2023-09-13,600268,国电南自,5.96,3.65,4.33,5.01,极强 (⭐⭐⭐⭐⭐),0.84,极强抢筹；若3日无收益或破触发日最低价则离场
2023-09-08,000058,深 赛 格,7.07,3.51,3.64,6.29,极强 (⭐⭐⭐⭐⭐),20.23,极强抢筹；若3日无收益或破触发日最低价则离场
2023-09-06,002383,合众思壮,7.54,5.01,3.89,6.84,极强 (⭐⭐⭐⭐⭐),-0.13,极强抢筹；若3日无收益或破触发日最低价则离场
2023-08-14,002307,北新路桥,5.6,4.87,3.29,6.0,极强 (⭐⭐⭐⭐⭐),-1.61,极强抢筹；若3日无收益或破触发日最低价则离场
2023-08-03,002910,庄园牧场,12.64,5.07,3.22,11.98,极强 (⭐⭐⭐⭐⭐),-0.32,极强抢筹；若3日无收益或破触发日最低价则离场
2023-07-31,600838,上海九百,7.37,6.04,3.67,5.14,极强 (⭐⭐⭐⭐⭐),0.41,极强抢筹；若3日无收益或破触发日最低价则离场
2023-07-31,002702,海欣食品,5.65,4.05,3.23,5.3,极强 (⭐⭐⭐⭐⭐),10.8,极强抢筹；若3日无收益或破触发日最低价则离场
2023-07-18,002413,雷科防务,5.97,4.92,3.02,11.41,极强 (⭐⭐⭐⭐⭐),-1.51,极强抢筹；若3日无收益或破触发日最低价则离场
2023-07-11,002998,优彩资源,6.7,4.04,3.02,6.58,极强 (⭐⭐⭐⭐⭐),4.18,极强抢筹；若3日无收益或破触发日最低价则离场
2023-07-05,000970,中科三环,13.26,4.25,3.11,5.86,极强 (⭐⭐⭐⭐⭐),-1.06,极强抢筹；若3日无收益或破触发日最低价则离场
2023-06-30,002598,山东章鼓,11.63,3.56,3.01,6.52,极强 (⭐⭐⭐⭐⭐),0.6,极强抢筹；若3日无收益或破触发日最低价则离场
2023-05-16,002576,通达动力,17.43,4.25,3.17,15.21,极强 (⭐⭐⭐⭐⭐),4.99,极强抢筹；若3日无收益或破触发日最低价则离场
2023-05-10,002441,众业达,10.05,8.41,3.43,10.48,极强 (⭐⭐⭐⭐⭐),13.33,极强抢筹；若3日无收益或破触发日最低价则离场
2023-05-05,002763,汇洁股份,7.3,5.95,4.27,8.01,极强 (⭐⭐⭐⭐⭐),6.03,极强抢筹；若3日无收益或破触发日最低价则离场
2023-04-06,000886,海南高速,6.41,8.28,3.57,8.75,极强 (⭐⭐⭐⭐⭐),2.34,极强抢筹；若3日无收益或破触发日最低价则离场
2023-04-04,002491,通鼎互联,6.95,7.59,3.49,16.22,极强 (⭐⭐⭐⭐⭐),-2.73,极强抢筹；若3日无收益或破触发日最低价则离场
2023-04-03,603637,镇海股份,8.68,7.16,3.3,5.84,极强 (⭐⭐⭐⭐⭐),5.18,极强抢筹；若3日无收益或破触发日最低价则离场
2023-03-30,002264,新 华 都,6.4,4.07,3.85,9.09,极强 (⭐⭐⭐⭐⭐),-0.47,极强抢筹；若3日无收益或破触发日最低价则离场
2023-03-28,002871,伟隆股份,11.3,6.3,3.35,8.08,极强 (⭐⭐⭐⭐⭐),0.09,极强抢筹；若3日无收益或破触发日最低价则离场
2023-03-20,002237,恒邦股份,12.15,5.29,3.63,6.75,极强 (⭐⭐⭐⭐⭐),-0.66,极强抢筹；若3日无收益或破触发日最低价则离场
2023-02-27,002583,海能达,6.25,4.69,3.36,7.56,极强 (⭐⭐⭐⭐⭐),6.4,极强抢筹；若3日无收益或破触发日最低价则离场
2023-02-23,000505,京粮控股,8.82,5.88,3.92,6.9,极强 (⭐⭐⭐⭐⭐),-2.04,极强抢筹；若3日无收益或破触发日最低价则离场
2023-02-20,002438,江苏神通,13.34,6.13,4.13,6.53,极强 (⭐⭐⭐⭐⭐),3.45,极强抢筹；若3日无收益或破触发日最低价则离场
2023-02-17,002462,嘉事堂,15.51,5.3,3.8,8.22,极强 (⭐⭐⭐⭐⭐),0.0,极强抢筹；若3日无收益或破触发日最低价则离场
2023-02-15,002951,金时科技,11.21,3.7,3.2,5.54,极强 (⭐⭐⭐⭐⭐),10.88,极强抢筹；若3日无收益或破触发日最低价则离场
2023-02-14,600379,宝光股份,12.99,4.67,3.32,7.35,极强 (⭐⭐⭐⭐⭐),-0.77,极强抢筹；若3日无收益或破触发日最低价则离场
2023-02-13,603518,锦泓集团,7.58,6.46,3.08,6.51,极强 (⭐⭐⭐⭐⭐),12.93,极强抢筹；若3日无收益或破触发日最低价则离场
2023-02-07,605555,德昌股份,12.92,6.34,3.14,6.91,极强 (⭐⭐⭐⭐⭐),-0.39,极强抢筹；若3日无收益或破触发日最低价则离场
2023-02-06,603626,科森科技,7.77,3.32,3.59,6.7,极强 (⭐⭐⭐⭐⭐),14.16,极强抢筹；若3日无收益或破触发日最低价则离场
2023-02-06,002639,雪人集团,9.25,3.35,3.27,7.65,极强 (⭐⭐⭐⭐⭐),1.41,极强抢筹；若3日无收益或破触发日最低价则离场
2023-01-31,002921,联诚精密,14.51,3.72,3.62,5.76,极强 (⭐⭐⭐⭐⭐),6.34,极强抢筹；若3日无收益或破触发日最低价则离场
2023-01-10,603105,芯能科技,18.18,3.53,3.31,13.63,极强 (⭐⭐⭐⭐⭐),0.83,极强抢筹；若3日无收益或破触发日最低价则离场
2022-12-27,600257,大湖股份,6.27,3.81,3.63,20.44,极强 (⭐⭐⭐⭐⭐),-1.59,极强抢筹；若3日无收益或破触发日最低价则离场
2022-12-05,002695,煌上煌,12.35,3.09,4.24,6.41,极强 (⭐⭐⭐⭐⭐),10.28,极强抢筹；若3日无收益或破触发日最低价则离场
2022-11-23,601798,蓝科高新,8.2,5.67,4.07,8.35,极强 (⭐⭐⭐⭐⭐),-0.24,极强抢筹；若3日无收益或破触发日最低价则离场
2022-11-21,603272,联翔股份,19.25,4.28,4.05,16.07,极强 (⭐⭐⭐⭐⭐),4.1,极强抢筹；若3日无收益或破触发日最低价则离场
2022-11-17,603778,国晟科技,5.0,5.49,3.79,25.38,极强 (⭐⭐⭐⭐⭐),26.0,极强抢筹；若3日无收益或破触发日最低价则离场
2022-11-16,603045,福达合金,18.4,6.3,3.69,6.67,极强 (⭐⭐⭐⭐⭐),0.43,极强抢筹；若3日无收益或破触发日最低价则离场
2022-10-31,002644,佛慈制药,10.71,6.36,3.7,7.45,极强 (⭐⭐⭐⭐⭐),5.14,极强抢筹；若3日无收益或破触发日最低价则离场
2022-08-31,002811,郑中设计,8.67,6.77,3.85,5.88,极强 (⭐⭐⭐⭐⭐),-0.58,极强抢筹；若3日无收益或破触发日最低价则离场
2022-07-12,605122,四方新材,19.77,6.06,3.34,9.64,极强 (⭐⭐⭐⭐⭐),3.34,极强抢筹；若3日无收益或破触发日最低价则离场
2022-06-27,605006,山东玻纤,11.41,5.84,3.03,6.3,极强 (⭐⭐⭐⭐⭐),-0.18,极强抢筹；若3日无收益或破触发日最低价则离场
2022-06-08,600497,驰宏锌锗,5.37,6.97,3.76,7.97,极强 (⭐⭐⭐⭐⭐),-0.56,极强抢筹；若3日无收益或破触发日最低价则离场
2022-06-01,000819,岳阳兴长,12.78,4.75,3.55,8.68,极强 (⭐⭐⭐⭐⭐),18.78,极强抢筹；若3日无收益或破触发日最低价则离场
2022-06-01,600099,林海股份,10.21,5.15,3.24,14.2,极强 (⭐⭐⭐⭐⭐),10.09,极强抢筹；若3日无收益或破触发日最低价则离场
2022-05-30,600560,金自天正,9.9,3.99,3.46,5.56,极强 (⭐⭐⭐⭐⭐),4.44,极强抢筹；若3日无收益或破触发日最低价则离场
2022-05-20,603105,芯能科技,10.32,6.39,3.4,6.51,极强 (⭐⭐⭐⭐⭐),-0.48,极强抢筹；若3日无收益或破触发日最低价则离场
2022-04-20,603697,有友食品,9.13,5.92,3.19,5.47,极强 (⭐⭐⭐⭐⭐),-0.22,极强抢筹；若3日无收益或破触发日最低价则离场
2022-03-11,603105,芯能科技,14.71,3.88,3.29,6.45,极强 (⭐⭐⭐⭐⭐),-2.18,极强抢筹；若3日无收益或破触发日最低价则离场
2022-02-25,002278,神开股份,6.15,3.89,3.64,6.87,极强 (⭐⭐⭐⭐⭐),13.82,极强抢筹；若3日无收益或破触发日最低价则离场
2022-02-21,002125,湘潭电化,12.08,5.59,3.08,7.81,极强 (⭐⭐⭐⭐⭐),20.53,极强抢筹；若3日无收益或破触发日最低价则离场
2022-01-19,002877,智能自控,7.25,6.62,3.63,6.58,极强 (⭐⭐⭐⭐⭐),-0.28,极强抢筹；若3日无收益或破触发日最低价则离场
2022-01-19,603017,中衡设计,10.47,7.83,3.26,5.93,极强 (⭐⭐⭐⭐⭐),-1.91,极强抢筹；若3日无收益或破触发日最低价则离场
2022-01-17,002279,久其软件,5.2,4.84,3.56,5.29,极强 (⭐⭐⭐⭐⭐),10.0,极强抢筹；若3日无收益或破触发日最低价则离场
2022-01-17,600692,亚通股份,6.84,4.27,3.55,11.79,极强 (⭐⭐⭐⭐⭐),-1.02,极强抢筹；若3日无收益或破触发日最低价则离场
2022-01-14,002571,德力股份,7.59,3.97,3.13,5.09,极强 (⭐⭐⭐⭐⭐),3.03,极强抢筹；若3日无收益或破触发日最低价则离场
2022-01-12,600470,六国化工,7.73,5.89,4.04,12.35,极强 (⭐⭐⭐⭐⭐),-1.68,极强抢筹；若3日无收益或破触发日最低价则离场
2022-01-04,600138,中青旅,10.79,5.47,3.19,5.28,极强 (⭐⭐⭐⭐⭐),1.39,极强抢筹；若3日无收益或破触发日最低价则离场
2021-12-29,002527,新时达,8.44,3.05,3.78,6.58,极强 (⭐⭐⭐⭐⭐),6.28,极强抢筹；若3日无收益或破触发日最低价则离场
2021-12-20,000856,冀东装备,8.1,4.92,3.56,9.69,极强 (⭐⭐⭐⭐⭐),7.9,极强抢筹；若3日无收益或破触发日最低价则离场
2021-12-16,002800,天顺股份,11.44,6.12,3.36,7.33,极强 (⭐⭐⭐⭐⭐),0.52,极强抢筹；若3日无收益或破触发日最低价则离场
2021-12-01,002951,金时科技,9.07,4.25,3.81,9.41,极强 (⭐⭐⭐⭐⭐),3.53,极强抢筹；若3日无收益或破触发日最低价则离场
2021-11-30,002197,ST证通,8.18,5.28,4.2,8.9,极强 (⭐⭐⭐⭐⭐),1.1,极强抢筹；若3日无收益或破触发日最低价则离场
2021-11-29,002197,ST证通,7.77,5.0,4.43,7.66,极强 (⭐⭐⭐⭐⭐),6.44,极强抢筹；若3日无收益或破触发日最低价则离场
2021-11-22,603002,宏昌电子,7.81,3.31,3.25,7.81,极强 (⭐⭐⭐⭐⭐),2.43,极强抢筹；若3日无收益或破触发日最低价则离场
2021-11-18,603703,盛洋科技,14.62,3.32,3.72,13.07,极强 (⭐⭐⭐⭐⭐),25.31,极强抢筹；若3日无收益或破触发日最低价则离场
2021-11-12,002115,三维通信,6.34,6.91,3.23,6.93,极强 (⭐⭐⭐⭐⭐),-0.47,极强抢筹；若3日无收益或破触发日最低价则离场
2021-09-22,603967,中创物流,8.07,7.6,4.08,8.46,极强 (⭐⭐⭐⭐⭐),1.12,极强抢筹；若3日无收益或破触发日最低价则离场
2021-09-22,600969,郴电国际,7.51,3.44,3.5,5.73,极强 (⭐⭐⭐⭐⭐),7.86,极强抢筹；若3日无收益或破触发日最低价则离场
2021-08-26,002669,康达新材,12.43,3.41,3.32,6.02,极强 (⭐⭐⭐⭐⭐),4.75,极强抢筹；若3日无收益或破触发日最低价则离场
2021-08-23,603095,越剑智能,10.29,6.52,4.24,8.57,极强 (⭐⭐⭐⭐⭐),0.87,极强抢筹；若3日无收益或破触发日最低价则离场
2021-08-20,600137,浪莎股份,15.91,5.85,3.82,5.81,极强 (⭐⭐⭐⭐⭐),-0.06,极强抢筹；若3日无收益或破触发日最低价则离场
2021-07-30,600135,乐凯胶片,7.18,4.82,3.31,6.38,极强 (⭐⭐⭐⭐⭐),1.67,极强抢筹；若3日无收益或破触发日最低价则离场
2021-07-28,002492,恒基达鑫,5.79,4.14,3.09,5.65,极强 (⭐⭐⭐⭐⭐),7.25,极强抢筹；若3日无收益或破触发日最低价则离场
2021-07-27,603112,华翔股份,9.99,4.72,3.09,11.05,极强 (⭐⭐⭐⭐⭐),17.92,极强抢筹；若3日无收益或破触发日最低价则离场
2021-07-23,002598,山东章鼓,9.8,5.04,3.45,22.54,极强 (⭐⭐⭐⭐⭐),13.16,极强抢筹；若3日无收益或破触发日最低价则离场
2021-07-22,605050,福然德,9.75,4.17,4.0,6.64,极强 (⭐⭐⭐⭐⭐),0.51,极强抢筹；若3日无收益或破触发日最低价则离场
2021-07-20,603032,德新科技,15.49,4.87,3.15,5.08,极强 (⭐⭐⭐⭐⭐),21.63,极强抢筹；若3日无收益或破触发日最低价则离场
2021-06-29,605366,宏柏新材,6.25,4.69,3.57,10.16,极强 (⭐⭐⭐⭐⭐),4.8,极强抢筹；若3日无收益或破触发日最低价则离场
2021-06-25,605066,天正电气,10.07,5.89,4.1,8.19,极强 (⭐⭐⭐⭐⭐),-0.3,极强抢筹；若3日无收益或破触发日最低价则离场
2021-06-16,002137,实益达,6.92,4.06,3.07,8.86,极强 (⭐⭐⭐⭐⭐),-0.29,极强抢筹；若3日无收益或破触发日最低价则离场
2021-05-28,002279,久其软件,5.26,3.75,3.56,5.94,极强 (⭐⭐⭐⭐⭐),1.14,极强抢筹；若3日无收益或破触发日最低价则离场
2021-05-12,002324,普利特,14.97,5.87,3.37,5.87,极强 (⭐⭐⭐⭐⭐),0.53,极强抢筹；若3日无收益或破触发日最低价则离场
2021-04-30,000829,天音控股,6.74,3.85,3.43,5.34,极强 (⭐⭐⭐⭐⭐),7.12,极强抢筹；若3日无收益或破触发日最低价则离场
2021-04-19,002413,雷科防务,6.58,4.44,3.38,5.43,极强 (⭐⭐⭐⭐⭐),14.44,极强抢筹；若3日无收益或破触发日最低价则离场
2021-04-16,002198,嘉应制药,6.19,7.28,3.59,5.91,极强 (⭐⭐⭐⭐⭐),14.86,极强抢筹；若3日无收益或破触发日最低价则离场
2021-03-25,000565,渝三峡Ａ,5.7,5.95,3.36,8.57,极强 (⭐⭐⭐⭐⭐),17.72,极强抢筹；若3日无收益或破触发日最低价则离场
2021-02-02,002184,海得控制,10.89,8.47,3.07,10.56,极强 (⭐⭐⭐⭐⭐),7.81,极强抢筹；若3日无收益或破触发日最低价则离场
2020-12-16,600419,天润乳业,16.17,5.62,3.11,6.63,极强 (⭐⭐⭐⭐⭐),0.37,极强抢筹；若3日无收益或破触发日最低价则离场
2020-12-08,000821,京山轻机,7.51,5.92,3.18,6.16,极强 (⭐⭐⭐⭐⭐),4.13,极强抢筹；若3日无收益或破触发日最低价则离场
2020-11-16,002404,嘉欣丝绸,6.59,5.95,3.25,8.77,极强 (⭐⭐⭐⭐⭐),1.37,极强抢筹；若3日无收益或破触发日最低价则离场
2020-11-16,600459,贵研铂业,16.37,5.82,3.18,6.79,极强 (⭐⭐⭐⭐⭐),5.31,极强抢筹；若3日无收益或破触发日最低价则离场
2020-11-16,600189,泉阳泉,9.8,5.15,3.17,13.82,极强 (⭐⭐⭐⭐⭐),21.02,极强抢筹；若3日无收益或破触发日最低价则离场
2020-11-12,601233,桐昆股份,17.8,3.91,3.53,9.68,极强 (⭐⭐⭐⭐⭐),23.2,极强抢筹；若3日无收益或破触发日最低价则离场
2020-11-12,603901,永创智能,10.77,5.69,3.46,5.08,极强 (⭐⭐⭐⭐⭐),-0.37,极强抢筹；若3日无收益或破触发日最低价则离场
2020-10-22,002406,远东传动,7.0,5.42,3.54,6.2,极强 (⭐⭐⭐⭐⭐),3.0,极强抢筹；若3日无收益或破触发日最低价则离场
2020-10-21,002910,庄园牧场,11.35,4.32,3.36,13.92,极强 (⭐⭐⭐⭐⭐),0.97,极强抢筹；若3日无收益或破触发日最低价则离场
2020-09-16,600579,中化装备,7.3,5.04,3.63,10.15,极强 (⭐⭐⭐⭐⭐),-0.27,极强抢筹；若3日无收益或破触发日最低价则离场
2020-07-09,600929,雪天盐业,6.32,5.33,3.5,8.77,极强 (⭐⭐⭐⭐⭐),7.75,极强抢筹；若3日无收益或破触发日最低价则离场
2020-07-09,603386,骏亚科技,10.48,3.87,3.09,13.87,极强 (⭐⭐⭐⭐⭐),0.38,极强抢筹；若3日无收益或破触发日最低价则离场
2020-07-08,600929,雪天盐业,6.0,5.26,3.6,7.72,极强 (⭐⭐⭐⭐⭐),13.5,极强抢筹；若3日无收益或破触发日最低价则离场
2020-07-08,600879,航天电子,7.13,6.74,3.14,5.12,极强 (⭐⭐⭐⭐⭐),3.09,极强抢筹；若3日无收益或破触发日最低价则离场
2020-07-07,603278,大业股份,8.68,8.09,3.19,6.65,极强 (⭐⭐⭐⭐⭐),4.38,极强抢筹；若3日无收益或破触发日最低价则离场
2020-07-06,600678,四川金顶,6.59,4.6,3.08,7.07,极强 (⭐⭐⭐⭐⭐),24.13,极强抢筹；若3日无收益或破触发日最低价则离场
2020-06-30,603915,国茂股份,9.83,8.02,3.52,9.26,极强 (⭐⭐⭐⭐⭐),8.14,极强抢筹；若3日无收益或破触发日最低价则离场
2020-06-19,603903,中持股份,13.24,6.77,3.05,9.91,极强 (⭐⭐⭐⭐⭐),-2.04,极强抢筹；若3日无收益或破触发日最低价则离场
2020-06-08,002909,集泰股份,5.61,5.45,3.2,7.08,极强 (⭐⭐⭐⭐⭐),0.0,极强抢筹；若3日无收益或破触发日最低价则离场
2020-06-03,603110,东方材料,10.53,4.46,3.01,9.01,极强 (⭐⭐⭐⭐⭐),0.66,极强抢筹；若3日无收益或破触发日最低价则离场
2020-05-18,603703,盛洋科技,14.47,6.95,3.07,5.68,极强 (⭐⭐⭐⭐⭐),27.16,极强抢筹；若3日无收益或破触发日最低价则离场
2020-04-10,000524,岭南控股,6.83,5.89,3.83,5.04,极强 (⭐⭐⭐⭐⭐),16.4,极强抢筹；若3日无收益或破触发日最低价则离场
2020-04-02,603458,勘设股份,10.48,7.93,3.23,12.3,极强 (⭐⭐⭐⭐⭐),4.2,极强抢筹；若3日无收益或破触发日最低价则离场
2020-02-25,002184,海得控制,8.47,6.81,4.3,19.6,极强 (⭐⭐⭐⭐⭐),-3.66,极强抢筹；若3日无收益或破触发日最低价则离场
2020-02-25,600522,中天科技,8.64,5.37,3.51,7.94,极强 (⭐⭐⭐⭐⭐),3.47,极强抢筹；若3日无收益或破触发日最低价则离场
2020-02-24,600522,中天科技,8.2,7.61,3.0,5.79,极强 (⭐⭐⭐⭐⭐),9.02,极强抢筹；若3日无收益或破触发日最低价则离场
2020-02-05,002221,东华能源,9.46,7.26,3.5,6.17,极强 (⭐⭐⭐⭐⭐),11.31,极强抢筹；若3日无收益或破触发日最低价则离场
2020-01-13,600802,福建水泥,7.69,8.31,3.3,13.19,极强 (⭐⭐⭐⭐⭐),14.69,极强抢筹；若3日无收益或破触发日最低价则离场
2020-01-03,000505,京粮控股,5.85,5.79,3.1,6.12,极强 (⭐⭐⭐⭐⭐),5.3,极强抢筹；若3日无收益或破触发日最低价则离场
2020-01-02,603356,华菱精工,13.36,5.78,4.01,6.62,极强 (⭐⭐⭐⭐⭐),1.72,极强抢筹；若3日无收益或破触发日最低价则离场
2019-12-31,603598,引力传媒,16.99,8.29,4.35,15.99,极强 (⭐⭐⭐⭐⭐),45.26,极强抢筹；若3日无收益或破触发日最低价则离场
2019-12-16,000507,珠海港,6.22,3.49,3.12,6.11,极强 (⭐⭐⭐⭐⭐),3.22,极强抢筹；若3日无收益或破触发日最低价则离场
2019-12-02,600359,新农开发,5.83,3.55,3.47,10.85,极强 (⭐⭐⭐⭐⭐),2.06,极强抢筹；若3日无收益或破触发日最低价则离场
2019-11-25,000789,万年青,7.99,6.39,3.42,8.73,极强 (⭐⭐⭐⭐⭐),-1.5,极强抢筹；若3日无收益或破触发日最低价则离场
2019-11-04,002774,快意电梯,6.91,5.34,3.25,7.17,极强 (⭐⭐⭐⭐⭐),3.62,极强抢筹；若3日无收益或破触发日最低价则离场
2019-09-12,603458,勘设股份,10.98,4.08,3.69,8.86,极强 (⭐⭐⭐⭐⭐),0.09,极强抢筹；若3日无收益或破触发日最低价则离场
2019-08-15,002591,恒大高新,8.4,5.26,3.17,7.79,极强 (⭐⭐⭐⭐⭐),4.29,极强抢筹；若3日无收益或破触发日最低价则离场
2019-06-21,603098,森特股份,11.84,5.71,3.67,8.19,极强 (⭐⭐⭐⭐⭐),8.7,极强抢筹；若3日无收益或破触发日最低价则离场
2019-06-20,603928,兴业股份,9.52,7.94,4.48,7.76,极强 (⭐⭐⭐⭐⭐),0.11,极强抢筹；若3日无收益或破触发日最低价则离场
2019-06-20,603356,华菱精工,13.26,6.85,3.44,7.52,极强 (⭐⭐⭐⭐⭐),10.18,极强抢筹；若3日无收益或破触发日最低价则离场
2019-06-19,603177,德创环保,11.3,6.91,4.14,14.5,极强 (⭐⭐⭐⭐⭐),19.03,极强抢筹；若3日无收益或破触发日最低价则离场
2019-06-13,603208,江山欧派,9.86,7.17,3.59,6.96,极强 (⭐⭐⭐⭐⭐),1.62,极强抢筹；若3日无收益或破触发日最低价则离场
2019-04-12,000995,皇台酒业,6.67,5.04,3.07,12.04,极强 (⭐⭐⭐⭐⭐),27.74,极强抢筹；若3日无收益或破触发日最低价则离场
2019-04-03,002731,萃华珠宝,15.8,6.04,3.27,6.12,极强 (⭐⭐⭐⭐⭐),12.97,极强抢筹；若3日无收益或破触发日最低价则离场
2019-02-25,002521,齐峰新材,5.25,3.55,4.29,6.3,极强 (⭐⭐⭐⭐⭐),0.0,极强抢筹；若3日无收益或破触发日最低价则离场
2019-02-25,601002,晋亿实业,6.66,8.12,3.4,5.9,极强 (⭐⭐⭐⭐⭐),7.21,极强抢筹；若3日无收益或破触发日最低价则离场
2019-02-25,603901,永创智能,7.0,6.87,3.21,5.29,极强 (⭐⭐⭐⭐⭐),5.14,极强抢筹；若3日无收益或破触发日最低价则离场
2019-02-25,600419,天润乳业,12.9,4.28,3.17,5.66,极强 (⭐⭐⭐⭐⭐),2.95,极强抢筹；若3日无收益或破触发日最低价则离场
2019-02-25,603079,圣达生物,12.19,3.48,3.13,5.19,极强 (⭐⭐⭐⭐⭐),23.22,极强抢筹；若3日无收益或破触发日最低价则离场
2019-01-28,603321,梅轮电梯,7.39,4.97,4.08,18.27,极强 (⭐⭐⭐⭐⭐),23.0,极强抢筹；若3日无收益或破触发日最低价则离场
2019-01-09,603238,诺邦股份,12.67,6.11,4.5,19.03,极强 (⭐⭐⭐⭐⭐),0.95,极强抢筹；若3日无收益或破触发日最低价则离场
2018-12-25,002845,同兴达,11.4,3.17,3.02,18.13,极强 (⭐⭐⭐⭐⭐),8.51,极强抢筹；若3日无收益或破触发日最低价则离场
2018-12-13,002811,郑中设计,8.71,4.06,3.0,11.26,极强 (⭐⭐⭐⭐⭐),0.0,极强抢筹；若3日无收益或破触发日最低价则离场
2018-12-05,600459,贵研铂业,8.7,6.62,4.39,11.48,极强 (⭐⭐⭐⭐⭐),0.46,极强抢筹；若3日无收益或破触发日最低价则离场
2018-11-23,000802,北京文化,12.27,7.26,3.57,6.58,极强 (⭐⭐⭐⭐⭐),0.0,极强抢筹；若3日无收益或破触发日最低价则离场
2018-11-15,002811,郑中设计,7.81,6.84,3.36,5.48,极强 (⭐⭐⭐⭐⭐),12.29,极强抢筹；若3日无收益或破触发日最低价则离场
2018-08-20,600257,大湖股份,5.4,5.47,3.1,5.54,极强 (⭐⭐⭐⭐⭐),2.22,极强抢筹；若3日无收益或破触发日最低价则离场
2018-08-09,603909,建发合诚,12.65,4.55,3.66,5.25,极强 (⭐⭐⭐⭐⭐),1.26,极强抢筹；若3日无收益或破触发日最低价则离场
2018-04-09,603985,恒润股份,8.36,7.18,3.22,12.9,极强 (⭐⭐⭐⭐⭐),10.65,极强抢筹；若3日无收益或破触发日最低价则离场
2018-03-23,603022,新通联,11.39,3.45,4.04,10.96,极强 (⭐⭐⭐⭐⭐),3.42,极强抢筹；若3日无收益或破触发日最低价则离场
2018-03-14,603758,秦安股份,10.53,4.99,3.58,9.73,极强 (⭐⭐⭐⭐⭐),13.49,极强抢筹；若3日无收益或破触发日最低价则离场
2018-03-09,603089,正裕工业,10.28,3.21,3.26,5.31,极强 (⭐⭐⭐⭐⭐),5.84,极强抢筹；若3日无收益或破触发日最低价则离场
2018-01-04,600888,新疆众和,5.13,4.91,3.02,5.75,极强 (⭐⭐⭐⭐⭐),12.09,极强抢筹；若3日无收益或破触发日最低价则离场
2018-01-03,000507,珠海港,9.99,3.1,3.04,6.06,极强 (⭐⭐⭐⭐⭐),3.3,极强抢筹；若3日无收益或破触发日最低价则离场
2018-01-02,002045,国光电器,17.52,5.67,3.92,5.62,极强 (⭐⭐⭐⭐⭐),4.51,极强抢筹；若3日无收益或破触发日最低价则离场
2017-12-22,002248,华东数控,8.13,4.1,3.76,10.22,极强 (⭐⭐⭐⭐⭐),16.24,极强抢筹；若3日无收益或破触发日最低价则离场
2017-12-18,002634,棒杰股份,8.13,5.86,3.59,14.85,极强 (⭐⭐⭐⭐⭐),0.25,极强抢筹；若3日无收益或破触发日最低价则离场
2017-12-18,002248,华东数控,7.09,5.04,3.26,8.69,极强 (⭐⭐⭐⭐⭐),26.52,极强抢筹；若3日无收益或破触发日最低价则离场
2017-12-11,002863,今飞凯达,9.8,6.75,3.21,22.1,极强 (⭐⭐⭐⭐⭐),8.57,极强抢筹；若3日无收益或破触发日最低价则离场
2017-12-06,002667,威领股份,12.02,4.52,3.36,14.65,极强 (⭐⭐⭐⭐⭐),1.25,极强抢筹；若3日无收益或破触发日最低价则离场
2017-11-13,600416,湘电股份,14.85,8.32,3.64,6.57,极强 (⭐⭐⭐⭐⭐),3.43,极强抢筹；若3日无收益或破触发日最低价则离场
2017-11-06,002799,环球印务,15.4,7.09,3.49,7.34,极强 (⭐⭐⭐⭐⭐),8.51,极强抢筹；若3日无收益或破触发日最低价则离场
2017-10-23,603088,宁波精达,6.82,3.65,3.58,12.51,极强 (⭐⭐⭐⭐⭐),0.15,极强抢筹；若3日无收益或破触发日最低价则离场
2017-10-19,603208,江山欧派,18.73,5.88,4.13,8.56,极强 (⭐⭐⭐⭐⭐),2.46,极强抢筹；若3日无收益或破触发日最低价则离场
2017-09-27,000070,特发信息,10.01,5.93,3.6,7.52,极强 (⭐⭐⭐⭐⭐),9.99,极强抢筹；若3日无收益或破触发日最低价则离场
2017-09-20,002023,海特高新,11.16,4.59,3.02,5.16,极强 (⭐⭐⭐⭐⭐),4.84,极强抢筹；若3日无收益或破触发日最低价则离场
2017-09-18,600371,万向德农,9.23,4.89,3.66,5.34,极强 (⭐⭐⭐⭐⭐),-1.08,极强抢筹；若3日无收益或破触发日最低价则离场
2017-09-15,600158,中体产业,14.91,4.41,3.23,8.11,极强 (⭐⭐⭐⭐⭐),1.14,极强抢筹；若3日无收益或破触发日最低价则离场
2017-09-13,600422,昆药集团,10.61,3.31,3.87,5.12,极强 (⭐⭐⭐⭐⭐),2.17,极强抢筹；若3日无收益或破触发日最低价则离场
2017-09-11,000973,佛塑科技,8.42,3.06,3.58,13.28,极强 (⭐⭐⭐⭐⭐),0.24,极强抢筹；若3日无收益或破触发日最低价则离场
2017-09-11,002378,章源钨业,9.9,7.14,3.5,9.37,极强 (⭐⭐⭐⭐⭐),3.43,极强抢筹；若3日无收益或破触发日最低价则离场
2017-09-06,600399,抚顺特钢,7.32,6.86,3.05,6.47,极强 (⭐⭐⭐⭐⭐),-0.82,极强抢筹；若3日无收益或破触发日最低价则离场
2017-08-29,000632,三木集团,6.58,4.44,4.28,5.05,极强 (⭐⭐⭐⭐⭐),0.91,极强抢筹；若3日无收益或破触发日最低价则离场
2017-08-29,002556,辉隆股份,6.51,6.37,3.77,5.61,极强 (⭐⭐⭐⭐⭐),4.76,极强抢筹；若3日无收益或破触发日最低价则离场
2017-08-28,002790,瑞尔特,11.47,7.7,4.47,7.09,极强 (⭐⭐⭐⭐⭐),7.15,极强抢筹；若3日无收益或破触发日最低价则离场
2017-08-28,601198,东兴证券,18.38,5.88,4.01,5.9,极强 (⭐⭐⭐⭐⭐),-0.11,极强抢筹；若3日无收益或破触发日最低价则离场
2017-08-25,002800,天顺股份,18.47,5.18,3.38,6.87,极强 (⭐⭐⭐⭐⭐),2.11,极强抢筹；若3日无收益或破触发日最低价则离场
2017-08-15,603738,泰晶科技,10.92,6.02,3.27,7.05,极强 (⭐⭐⭐⭐⭐),-0.82,极强抢筹；若3日无收益或破触发日最低价则离场
2017-08-09,603339,四方科技,16.76,8.06,3.7,11.65,极强 (⭐⭐⭐⭐⭐),7.28,极强抢筹；若3日无收益或破触发日最低价则离场
2017-08-04,002406,远东传动,6.97,5.77,3.52,5.99,极强 (⭐⭐⭐⭐⭐),2.15,极强抢筹；若3日无收益或破触发日最低价则离场
2017-07-18,002763,汇洁股份,13.72,4.81,4.27,7.53,极强 (⭐⭐⭐⭐⭐),-0.36,极强抢筹；若3日无收益或破触发日最低价则离场
2017-07-13,600843,上工申贝,14.93,4.48,3.85,7.2,极强 (⭐⭐⭐⭐⭐),-0.67,极强抢筹；若3日无收益或破触发日最低价则离场
2017-06-09,603633,徕木股份,13.23,4.67,3.47,23.71,极强 (⭐⭐⭐⭐⭐),4.46,极强抢筹；若3日无收益或破触发日最低价则离场
2017-05-25,002545,东方铁塔,9.65,5.12,3.93,5.84,极强 (⭐⭐⭐⭐⭐),6.94,极强抢筹；若3日无收益或破触发日最低价则离场
2017-05-15,002795,永和智控,15.36,5.49,3.0,28.29,极强 (⭐⭐⭐⭐⭐),10.22,极强抢筹；若3日无收益或破触发日最低价则离场
2017-03-20,601212,白银有色,15.23,5.84,3.9,51.71,极强 (⭐⭐⭐⭐⭐),12.67,极强抢筹；若3日无收益或破触发日最低价则离场
2017-03-17,002749,国光股份,12.11,5.86,3.05,16.45,极强 (⭐⭐⭐⭐⭐),3.72,极强抢筹；若3日无收益或破触发日最低价则离场
2017-03-14,603901,永创智能,14.62,3.76,3.27,8.4,极强 (⭐⭐⭐⭐⭐),3.69,极强抢筹；若3日无收益或破触发日最低价则离场
2017-03-07,002734,利民股份,12.61,3.02,3.3,5.83,极强 (⭐⭐⭐⭐⭐),2.85,极强抢筹；若3日无收益或破触发日最低价则离场
2017-03-06,603901,永创智能,14.4,5.34,3.38,6.06,极强 (⭐⭐⭐⭐⭐),1.39,极强抢筹；若3日无收益或破触发日最低价则离场
2017-02-24,002279,久其软件,14.09,4.22,3.44,9.43,极强 (⭐⭐⭐⭐⭐),1.63,极强抢筹；若3日无收益或破触发日最低价则离场
2017-02-15,600843,上工申贝,18.62,7.32,3.61,9.44,极强 (⭐⭐⭐⭐⭐),-0.48,极强抢筹；若3日无收益或破触发日最低价则离场
2017-01-10,600326,西藏天路,5.07,3.89,3.71,5.72,极强 (⭐⭐⭐⭐⭐),-0.59,极强抢筹；若3日无收益或破触发日最低价则离场
2016-12-22,600722,金牛化工,11.99,4.99,3.15,12.1,极强 (⭐⭐⭐⭐⭐),19.02,极强抢筹；若3日无收益或破触发日最低价则离场
2016-12-13,002658,雪迪龙,15.84,3.66,3.47,6.94,极强 (⭐⭐⭐⭐⭐),1.83,极强抢筹；若3日无收益或破触发日最低价则离场
2016-11-25,000403,派林生物,14.83,5.25,3.08,5.77,极强 (⭐⭐⭐⭐⭐),4.18,极强抢筹；若3日无收益或破触发日最低价则离场
2016-11-22,603599,广信股份,7.35,5.76,3.07,7.94,极强 (⭐⭐⭐⭐⭐),-0.82,极强抢筹；若3日无收益或破触发日最低价则离场
2016-11-14,002255,海陆重工,8.76,6.44,3.19,7.19,极强 (⭐⭐⭐⭐⭐),4.79,极强抢筹；若3日无收益或破触发日最低价则离场
2016-11-09,000633,合金投资,12.39,5.0,4.42,10.09,极强 (⭐⭐⭐⭐⭐),2.99,极强抢筹；若3日无收益或破触发日最低价则离场
2016-11-01,601789,宁波建工,6.93,4.84,3.62,12.69,极强 (⭐⭐⭐⭐⭐),10.1,极强抢筹；若3日无收益或破触发日最低价则离场
2016-10-31,603997,继峰股份,12.01,4.53,3.04,11.13,极强 (⭐⭐⭐⭐⭐),12.66,极强抢筹；若3日无收益或破触发日最低价则离场
2016-10-28,002264,新 华 都,10.99,5.07,3.46,8.6,极强 (⭐⭐⭐⭐⭐),10.65,极强抢筹；若3日无收益或破触发日最低价则离场
2016-10-27,002139,拓邦股份,6.0,5.82,3.99,9.94,极强 (⭐⭐⭐⭐⭐),3.5,极强抢筹；若3日无收益或破触发日最低价则离场
2016-10-25,002644,佛慈制药,13.58,6.93,3.34,8.24,极强 (⭐⭐⭐⭐⭐),-2.06,极强抢筹；若3日无收益或破触发日最低价则离场
2016-10-19,002651,利君股份,10.54,5.72,3.54,6.31,极强 (⭐⭐⭐⭐⭐),0.38,极强抢筹；若3日无收益或破触发日最低价则离场
2016-09-05,000823,超声电子,9.09,6.07,3.46,8.42,极强 (⭐⭐⭐⭐⭐),19.47,极强抢筹；若3日无收益或破触发日最低价则离场
2016-08-31,002636,金安国纪,15.71,4.32,3.43,12.33,极强 (⭐⭐⭐⭐⭐),24.38,极强抢筹；若3日无收益或破触发日最低价则离场
2016-08-30,002209,达 意 隆,20.0,5.32,3.22,5.58,极强 (⭐⭐⭐⭐⭐),6.9,极强抢筹；若3日无收益或破触发日最低价则离场
2016-08-25,002584,西陇科学,16.29,7.52,3.61,10.6,极强 (⭐⭐⭐⭐⭐),-0.61,极强抢筹；若3日无收益或破触发日最低价则离场
2016-08-24,600222,太龙药业,8.73,3.07,3.2,5.98,极强 (⭐⭐⭐⭐⭐),3.09,极强抢筹；若3日无收益或破触发日最低价则离场
2016-08-24,002584,西陇科学,15.15,5.87,3.12,7.83,极强 (⭐⭐⭐⭐⭐),8.58,极强抢筹；若3日无收益或破触发日最低价则离场
2016-08-22,600986,浙文互联,11.69,6.76,3.36,5.44,极强 (⭐⭐⭐⭐⭐),5.47,极强抢筹；若3日无收益或破触发日最低价则离场
2016-06-30,002651,利君股份,9.8,5.95,3.54,11.12,极强 (⭐⭐⭐⭐⭐),20.2,极强抢筹；若3日无收益或破触发日最低价则离场
2016-06-29,603002,宏昌电子,6.68,7.22,3.73,14.41,极强 (⭐⭐⭐⭐⭐),1.5,极强抢筹；若3日无收益或破触发日最低价则离场
2016-06-01,600459,贵研铂业,9.98,7.2,3.45,11.45,极强 (⭐⭐⭐⭐⭐),2.4,极强抢筹；若3日无收益或破触发日最低价则离场
2016-04-21,002348,高乐股份,8.31,5.32,3.19,18.53,极强 (⭐⭐⭐⭐⭐),-0.6,极强抢筹；若3日无收益或破触发日最低价则离场
2016-04-07,600733,北汽蓝谷,9.84,4.13,3.15,5.94,极强 (⭐⭐⭐⭐⭐),18.19,极强抢筹；若3日无收益或破触发日最低价则离场
2016-02-02,600679,上海凤凰,16.69,7.61,3.47,9.32,极强 (⭐⭐⭐⭐⭐),6.95,极强抢筹；若3日无收益或破触发日最低价则离场
2015-12-29,002666,德联集团,12.53,5.83,4.31,21.31,极强 (⭐⭐⭐⭐⭐),10.61,极强抢筹；若3日无收益或破触发日最低价则离场
2015-12-29,600843,上工申贝,17.06,6.16,3.68,7.27,极强 (⭐⭐⭐⭐⭐),1.52,极强抢筹；若3日无收益或破触发日最低价则离场
2015-11-17,000403,派林生物,9.5,5.32,4.18,14.87,极强 (⭐⭐⭐⭐⭐),10.42,极强抢筹；若3日无收益或破触发日最低价则离场
2015-10-30,603006,联明股份,18.14,5.77,3.28,14.78,极强 (⭐⭐⭐⭐⭐),11.25,极强抢筹；若3日无收益或破触发日最低价则离场
2015-10-28,600444,国机通用,19.62,5.2,3.76,5.63,极强 (⭐⭐⭐⭐⭐),2.5,极强抢筹；若3日无收益或破触发日最低价则离场
2015-10-27,600336,澳柯玛,7.4,6.32,3.51,14.79,极强 (⭐⭐⭐⭐⭐),-1.49,极强抢筹；若3日无收益或破触发日最低价则离场
2015-10-15,002062,宏润建设,6.85,3.79,3.12,13.57,极强 (⭐⭐⭐⭐⭐),4.67,极强抢筹；若3日无收益或破触发日最低价则离场
2015-10-12,603006,联明股份,13.0,5.61,3.05,9.16,极强 (⭐⭐⭐⭐⭐),22.23,极强抢筹；若3日无收益或破触发日最低价则离场
2015-07-16,000510,新金路,7.97,4.32,3.13,13.84,极强 (⭐⭐⭐⭐⭐),11.04,极强抢筹；若3日无收益或破触发日最低价则离场
2015-05-27,002131,利欧股份,7.92,4.49,3.08,9.87,极强 (⭐⭐⭐⭐⭐),2.02,极强抢筹；若3日无收益或破触发日最低价则离场
2015-05-22,600966,博汇纸业,5.57,5.29,3.19,11.18,极强 (⭐⭐⭐⭐⭐),13.46,极强抢筹；若3日无收益或破触发日最低价则离场
2015-05-08,002617,露笑科技,6.07,8.2,3.06,13.53,极强 (⭐⭐⭐⭐⭐),17.3,极强抢筹；若3日无收益或破触发日最低价则离场
2015-03-04,000739,普洛药业,6.36,6.35,3.27,8.16,极强 (⭐⭐⭐⭐⭐),1.89,极强抢筹；若3日无收益或破触发日最低价则离场
2015-03-03,600137,浪莎股份,18.45,6.65,3.94,5.2,极强 (⭐⭐⭐⭐⭐),17.99,极强抢筹；若3日无收益或破触发日最低价则离场
2015-03-02,600459,贵研铂业,10.52,7.35,3.47,9.25,极强 (⭐⭐⭐⭐⭐),9.98,极强抢筹；若3日无收益或破触发日最低价则离场
2015-03-02,600515,海南机场,6.39,5.97,3.32,9.47,极强 (⭐⭐⭐⭐⭐),3.29,极强抢筹；若3日无收益或破触发日最低价则离场
2015-03-02,000837,秦川机床,12.44,5.07,3.12,7.24,极强 (⭐⭐⭐⭐⭐),7.07,极强抢筹；若3日无收益或破触发日最低价则离场
2015-02-27,002082,万邦德,9.9,3.99,4.18,9.68,极强 (⭐⭐⭐⭐⭐),1.21,极强抢筹；若3日无收益或破触发日最低价则离场
2015-02-27,002527,新时达,12.57,4.23,3.15,6.11,极强 (⭐⭐⭐⭐⭐),6.52,极强抢筹；若3日无收益或破触发日最低价则离场
2015-02-13,600330,天通股份,8.7,4.44,3.02,5.69,极强 (⭐⭐⭐⭐⭐),4.37,极强抢筹；若3日无收益或破触发日最低价则离场
2015-01-26,600838,上海九百,9.58,5.74,3.12,6.39,极强 (⭐⭐⭐⭐⭐),8.46,极强抢筹；若3日无收益或破触发日最低价则离场
2015-01-12,600843,上工申贝,13.86,3.13,3.0,13.27,极强 (⭐⭐⭐⭐⭐),6.2,极强抢筹；若3日无收益或破触发日最低价则离场
2014-12-05,600151,航天机电,10.81,7.24,4.38,11.77,极强 (⭐⭐⭐⭐⭐),8.97,极强抢筹；若3日无收益或破触发日最低价则离场
2014-12-04,000758,中色股份,7.08,5.36,3.29,11.84,极强 (⭐⭐⭐⭐⭐),3.67,极强抢筹；若3日无收益或破触发日最低价则离场
2014-12-01,000995,皇台酒业,13.86,4.84,3.05,5.67,极强 (⭐⭐⭐⭐⭐),3.17,极强抢筹；若3日无收益或破触发日最低价则离场
2014-11-26,002209,达 意 隆,11.31,5.7,3.24,6.89,极强 (⭐⭐⭐⭐⭐),-0.88,极强抢筹；若3日无收益或破触发日最低价则离场
2014-11-10,600199,金种子酒,9.17,6.5,3.4,8.48,极强 (⭐⭐⭐⭐⭐),5.45,极强抢筹；若3日无收益或破触发日最低价则离场
2014-09-22,002322,理工能科,8.86,6.11,3.12,7.4,极强 (⭐⭐⭐⭐⭐),15.35,极强抢筹；若3日无收益或破触发日最低价则离场
2014-09-18,002494,华斯股份,7.48,5.35,3.01,9.0,极强 (⭐⭐⭐⭐⭐),11.23,极强抢筹；若3日无收益或破触发日最低价则离场
2014-09-04,000571,新大洲A,5.04,3.07,3.42,9.8,极强 (⭐⭐⭐⭐⭐),0.0,极强抢筹；若3日无收益或破触发日最低价则离场
2014-08-19,600560,金自天正,11.42,8.25,3.91,10.35,极强 (⭐⭐⭐⭐⭐),5.17,极强抢筹；若3日无收益或破触发日最低价则离场
2014-08-18,600128,苏豪弘业,9.36,5.05,3.09,5.95,极强 (⭐⭐⭐⭐⭐),8.12,极强抢筹；若3日无收益或破触发日最低价则离场
2014-08-18,002631,德尔未来,5.46,6.64,3.04,7.98,极强 (⭐⭐⭐⭐⭐),8.06,极强抢筹；若3日无收益或破触发日最低价则离场
2014-08-08,600444,国机通用,11.77,6.32,3.42,6.08,极强 (⭐⭐⭐⭐⭐),2.8,极强抢筹；若3日无收益或破触发日最低价则离场
2014-07-29,600459,贵研铂业,9.64,6.99,3.39,13.56,极强 (⭐⭐⭐⭐⭐),0.62,极强抢筹；若3日无收益或破触发日最低价则离场
2014-07-28,600490,鹏欣资源,7.93,8.04,3.09,8.34,极强 (⭐⭐⭐⭐⭐),14.75,极强抢筹；若3日无收益或破触发日最低价则离场
2014-07-16,600359,新农开发,8.3,8.21,4.39,6.11,极强 (⭐⭐⭐⭐⭐),2.41,极强抢筹；若3日无收益或破触发日最低价则离场
2014-07-10,600367,红星发展,8.58,4.51,3.57,5.2,极强 (⭐⭐⭐⭐⭐),0.93,极强抢筹；若3日无收益或破触发日最低价则离场
2014-06-30,600241,时代万恒,7.93,4.89,4.06,8.8,极强 (⭐⭐⭐⭐⭐),2.52,极强抢筹；若3日无收益或破触发日最低价则离场
2014-06-26,600241,时代万恒,7.16,4.22,3.93,5.18,极强 (⭐⭐⭐⭐⭐),13.55,极强抢筹；若3日无收益或破触发日最低价则离场
2014-06-24,002716,湖南白银,6.71,3.87,3.16,31.6,极强 (⭐⭐⭐⭐⭐),5.66,极强抢筹；若3日无收益或破触发日最低价则离场
2014-06-20,002667,威领股份,6.94,7.93,3.33,10.63,极强 (⭐⭐⭐⭐⭐),4.61,极强抢筹；若3日无收益或破触发日最低价则离场
2014-06-04,002598,山东章鼓,6.29,4.66,3.07,7.1,极强 (⭐⭐⭐⭐⭐),10.81,极强抢筹；若3日无收益或破触发日最低价则离场
2014-05-27,002319,乐通股份,7.59,4.26,4.24,6.05,极强 (⭐⭐⭐⭐⭐),1.32,极强抢筹；若3日无收益或破触发日最低价则离场
2014-05-23,000670,盈方微,5.75,4.93,3.45,14.48,极强 (⭐⭐⭐⭐⭐),84.17,极强抢筹；若3日无收益或破触发日最低价则离场
2014-05-06,002708,光洋股份,9.03,6.99,3.02,42.27,极强 (⭐⭐⭐⭐⭐),3.43,极强抢筹；若3日无收益或破触发日最低价则离场
2014-04-10,600769,祥龙电业,6.59,6.29,4.35,7.62,极强 (⭐⭐⭐⭐⭐),-2.12,极强抢筹；若3日无收益或破触发日最低价则离场
2014-04-04,000701,厦门信达,12.04,4.15,3.31,5.2,极强 (⭐⭐⭐⭐⭐),3.24,极强抢筹；若3日无收益或破触发日最低价则离场
2014-03-28,000017,深中华A,6.68,4.87,3.11,5.61,极强 (⭐⭐⭐⭐⭐),-0.45,极强抢筹；若3日无收益或破触发日最低价则离场
2014-02-24,002198,嘉应制药,11.88,8.39,3.34,7.26,极强 (⭐⭐⭐⭐⭐),1.52,极强抢筹；若3日无收益或破触发日最低价则离场
2014-02-17,002161,远 望 谷,8.88,6.86,3.15,8.24,极强 (⭐⭐⭐⭐⭐),4.5,极强抢筹；若3日无收益或破触发日最低价则离场
2014-02-14,600706,曲江文旅,11.25,7.97,3.02,8.33,极强 (⭐⭐⭐⭐⭐),3.11,极强抢筹；若3日无收益或破触发日最低价则离场
2014-02-12,000735,罗 牛 山,6.94,7.1,3.25,6.3,极强 (⭐⭐⭐⭐⭐),4.18,极强抢筹；若3日无收益或破触发日最低价则离场
2014-01-22,002197,ST证通,8.51,6.11,3.11,11.87,极强 (⭐⭐⭐⭐⭐),4.7,极强抢筹；若3日无收益或破触发日最低价则离场
2014-01-14,600446,金证股份,5.43,8.38,3.68,7.46,极强 (⭐⭐⭐⭐⭐),7.18,极强抢筹；若3日无收益或破触发日最低价则离场
2014-01-07,002123,梦网科技,7.71,3.35,3.14,6.62,极强 (⭐⭐⭐⭐⭐),0.65,极强抢筹；若3日无收益或破触发日最低价则离场
2014-01-03,002115,三维通信,5.17,4.87,3.67,7.49,极强 (⭐⭐⭐⭐⭐),2.51,极强抢筹；若3日无收益或破触发日最低价则离场
2013-12-27,002565,顺灏股份,6.94,6.44,3.11,5.5,极强 (⭐⭐⭐⭐⭐),-0.14,极强抢筹；若3日无收益或破触发日最低价则离场
2013-12-20,002166,莱茵生物,5.19,7.23,3.23,21.58,极强 (⭐⭐⭐⭐⭐),-0.96,极强抢筹；若3日无收益或破触发日最低价则离场
2013-12-04,000712,锦龙股份,11.49,5.12,4.21,5.09,极强 (⭐⭐⭐⭐⭐),3.66,极强抢筹；若3日无收益或破触发日最低价则离场
2013-11-29,002576,通达动力,7.03,4.46,4.07,8.2,极强 (⭐⭐⭐⭐⭐),-2.28,极强抢筹；若3日无收益或破触发日最低价则离场
2013-10-21,600459,贵研铂业,8.02,5.25,3.6,6.37,极强 (⭐⭐⭐⭐⭐),2.99,极强抢筹；若3日无收益或破触发日最低价则离场
2013-10-11,000026,飞亚达,5.2,6.34,3.26,13.27,极强 (⭐⭐⭐⭐⭐),3.08,极强抢筹；若3日无收益或破触发日最低价则离场
2013-10-11,002576,通达动力,6.69,4.37,3.18,6.69,极强 (⭐⭐⭐⭐⭐),4.93,极强抢筹；若3日无收益或破触发日最低价则离场
2013-09-11,002667,威领股份,5.48,3.2,3.0,8.11,极强 (⭐⭐⭐⭐⭐),-0.91,极强抢筹；若3日无收益或破触发日最低价则离场
2013-09-04,002205,国统股份,7.8,8.03,3.31,5.91,极强 (⭐⭐⭐⭐⭐),3.33,极强抢筹；若3日无收益或破触发日最低价则离场
2013-09-04,600721,百花医药,7.96,5.85,3.03,5.76,极强 (⭐⭐⭐⭐⭐),3.14,极强抢筹；若3日无收益或破触发日最低价则离场
2013-07-23,000586,汇源通信,6.49,5.7,3.3,5.85,极强 (⭐⭐⭐⭐⭐),0.92,极强抢筹；若3日无收益或破触发日最低价则离场
2013-07-23,000007,全新好,10.43,4.3,3.06,6.6,极强 (⭐⭐⭐⭐⭐),1.53,极强抢筹；若3日无收益或破触发日最低价则离场
2013-07-22,000586,汇源通信,6.14,6.6,3.39,5.22,极强 (⭐⭐⭐⭐⭐),6.68,极强抢筹；若3日无收益或破触发日最低价则离场
2013-07-11,601116,三江购物,7.48,5.35,3.12,6.43,极强 (⭐⭐⭐⭐⭐),1.07,极强抢筹；若3日无收益或破触发日最低价则离场
2013-05-30,600721,百花医药,9.14,3.75,3.17,6.86,极强 (⭐⭐⭐⭐⭐),0.88,极强抢筹；若3日无收益或破触发日最低价则离场
2013-05-28,600137,浪莎股份,9.59,8.24,3.47,5.9,极强 (⭐⭐⭐⭐⭐),6.47,极强抢筹；若3日无收益或破触发日最低价则离场
2013-05-23,002383,合众思壮,6.35,6.01,3.07,13.4,极强 (⭐⭐⭐⭐⭐),2.05,极强抢筹；若3日无收益或破触发日最低价则离场
2013-05-17,002181,粤 传 媒,5.05,5.21,3.63,5.99,极强 (⭐⭐⭐⭐⭐),3.37,极强抢筹；若3日无收益或破触发日最低价则离场
2013-05-09,002438,江苏神通,5.71,5.55,3.62,7.71,极强 (⭐⭐⭐⭐⭐),15.06,极强抢筹；若3日无收益或破触发日最低价则离场
2013-05-07,600830,香溢融通,7.08,5.2,4.25,6.56,极强 (⭐⭐⭐⭐⭐),1.27,极强抢筹；若3日无收益或破触发日最低价则离场
2013-03-22,002209,达 意 隆,6.94,7.6,4.19,10.81,极强 (⭐⭐⭐⭐⭐),-0.72,极强抢筹；若3日无收益或破触发日最低价则离场
2013-02-18,000403,派林生物,8.01,5.53,3.5,26.04,极强 (⭐⭐⭐⭐⭐),7.62,极强抢筹；若3日无收益或破触发日最低价则离场
2013-02-01,600459,贵研铂业,8.49,5.33,3.26,11.53,极强 (⭐⭐⭐⭐⭐),1.65,极强抢筹；若3日无收益或破触发日最低价则离场
2013-01-30,600054,黄山旅游,8.15,7.95,3.09,7.71,极强 (⭐⭐⭐⭐⭐),4.05,极强抢筹；若3日无收益或破触发日最低价则离场
2012-09-19,600459,贵研铂业,8.01,4.16,3.79,10.42,极强 (⭐⭐⭐⭐⭐),-0.25,极强抢筹；若3日无收益或破触发日最低价则离场
2012-09-14,600470,六国化工,10.43,7.97,3.67,16.51,极强 (⭐⭐⭐⭐⭐),0.48,极强抢筹；若3日无收益或破触发日最低价则离场
2012-08-29,002598,山东章鼓,6.11,4.27,3.14,21.28,极强 (⭐⭐⭐⭐⭐),-0.33,极强抢筹；若3日无收益或破触发日最低价则离场
2012-08-21,600241,时代万恒,6.28,3.8,3.54,6.05,极强 (⭐⭐⭐⭐⭐),-0.32,极强抢筹；若3日无收益或破触发日最低价则离场
2012-08-21,000796,凯撒旅业,6.31,3.1,3.1,8.34,极强 (⭐⭐⭐⭐⭐),3.65,极强抢筹；若3日无收益或破触发日最低价则离场
2012-06-06,600152,维科技术,7.42,4.95,3.4,5.49,极强 (⭐⭐⭐⭐⭐),1.35,极强抢筹；若3日无收益或破触发日最低价则离场
2012-06-05,600156,华升股份,5.26,6.05,4.0,6.99,极强 (⭐⭐⭐⭐⭐),2.66,极强抢筹；若3日无收益或破触发日最低价则离场
2012-05-15,002264,新 华 都,7.36,5.29,3.77,7.72,极强 (⭐⭐⭐⭐⭐),0.68,极强抢筹；若3日无收益或破触发日最低价则离场
2012-04-25,600838,上海九百,6.33,3.94,3.07,5.44,极强 (⭐⭐⭐⭐⭐),-0.16,极强抢筹；若3日无收益或破触发日最低价则离场
2012-04-24,002161,远 望 谷,9.86,4.89,4.18,5.46,极强 (⭐⭐⭐⭐⭐),0.0,极强抢筹；若3日无收益或破触发日最低价则离场
2012-03-12,002494,华斯股份,6.33,5.32,3.6,5.1,极强 (⭐⭐⭐⭐⭐),4.27,极强抢筹；若3日无收益或破触发日最低价则离场
2012-02-21,000030,富奥股份,7.25,6.46,3.03,20.81,极强 (⭐⭐⭐⭐⭐),11.72,极强抢筹；若3日无收益或破触发日最低价则离场
2012-02-17,002403,爱仕达,7.09,3.96,4.48,13.27,极强 (⭐⭐⭐⭐⭐),1.69,极强抢筹；若3日无收益或破触发日最低价则离场
2012-02-15,002576,通达动力,9.99,3.42,3.35,7.1,极强 (⭐⭐⭐⭐⭐),4.2,极强抢筹；若3日无收益或破触发日最低价则离场
2012-02-08,601218,吉鑫科技,5.59,3.14,3.61,8.01,极强 (⭐⭐⭐⭐⭐),6.8,极强抢筹；若3日无收益或破触发日最低价则离场
2011-11-21,002448,中原内配,5.05,3.7,4.24,6.26,极强 (⭐⭐⭐⭐⭐),1.78,极强抢筹；若3日无收益或破触发日最低价则离场
2011-11-21,002427,尤夫股份,6.55,7.03,3.89,12.65,极强 (⭐⭐⭐⭐⭐),-1.53,极强抢筹；若3日无收益或破触发日最低价则离场
2011-11-17,600080,金花股份,8.2,4.86,3.88,6.51,极强 (⭐⭐⭐⭐⭐),6.46,极强抢筹；若3日无收益或破触发日最低价则离场
2011-10-13,000593,德龙汇能,8.12,7.27,3.34,5.58,极强 (⭐⭐⭐⭐⭐),-1.11,极强抢筹；若3日无收益或破触发日最低价则离场
2011-09-29,600678,四川金顶,6.78,4.95,4.1,7.68,极强 (⭐⭐⭐⭐⭐),4.42,极强抢筹；若3日无收益或破触发日最低价则离场
2011-09-23,600579,中化装备,10.03,5.03,3.93,5.22,极强 (⭐⭐⭐⭐⭐),-0.8,极强抢筹；若3日无收益或破触发日最低价则离场
2011-09-22,600738,丽尚国潮,6.39,4.41,3.47,19.84,极强 (⭐⭐⭐⭐⭐),1.1,极强抢筹；若3日无收益或破触发日最低价则离场
2011-08-15,002534,西子洁能,13.39,4.86,3.42,15.42,极强 (⭐⭐⭐⭐⭐),1.12,极强抢筹；若3日无收益或破触发日最低价则离场
2011-08-11,600199,金种子酒,19.65,6.91,3.61,5.5,极强 (⭐⭐⭐⭐⭐),4.38,极强抢筹；若3日无收益或破触发日最低价则离场
2011-08-08,000892,欢瑞世纪,6.55,4.97,3.48,8.17,极强 (⭐⭐⭐⭐⭐),3.36,极强抢筹；若3日无收益或破触发日最低价则离场
2011-07-26,002571,德力股份,6.56,5.81,3.14,10.19,极强 (⭐⭐⭐⭐⭐),7.01,极强抢筹；若3日无收益或破触发日最低价则离场
2011-07-22,002350,北京科锐,5.95,7.79,3.7,9.46,极强 (⭐⭐⭐⭐⭐),-0.34,极强抢筹；若3日无收益或破触发日最低价则离场
2011-06-23,002346,柘中股份,8.72,8.46,3.42,8.39,极强 (⭐⭐⭐⭐⭐),5.28,极强抢筹；若3日无收益或破触发日最低价则离场
2011-06-21,002366,融发核电,6.28,5.19,3.3,5.88,极强 (⭐⭐⭐⭐⭐),1.75,极强抢筹；若3日无收益或破触发日最低价则离场
2011-05-16,000155,川能动力,9.17,3.97,3.88,8.48,极强 (⭐⭐⭐⭐⭐),-2.18,极强抢筹；若3日无收益或破触发日最低价则离场
2011-04-15,600084,中信尼雅,9.6,5.03,3.27,5.08,极强 (⭐⭐⭐⭐⭐),2.92,极强抢筹；若3日无收益或破触发日最低价则离场
2011-04-07,000892,欢瑞世纪,6.28,5.02,3.29,7.44,极强 (⭐⭐⭐⭐⭐),4.62,极强抢筹；若3日无收益或破触发日最低价则离场
2011-03-18,002403,爱仕达,12.05,4.97,3.9,12.43,极强 (⭐⭐⭐⭐⭐),1.0,极强抢筹；若3日无收益或破触发日最低价则离场
2011-03-15,002198,嘉应制药,7.2,4.65,4.17,10.2,极强 (⭐⭐⭐⭐⭐),-0.28,极强抢筹；若3日无收益或破触发日最低价则离场
2011-03-15,600854,春兰股份,6.35,5.48,4.02,6.67,极强 (⭐⭐⭐⭐⭐),7.87,极强抢筹；若3日无收益或破触发日最低价则离场
2011-03-15,000599,青岛双星,6.76,5.3,3.29,8.51,极强 (⭐⭐⭐⭐⭐),5.77,极强抢筹；若3日无收益或破触发日最低价则离场
2011-03-15,000532,华金资本,10.76,3.66,3.0,13.77,极强 (⭐⭐⭐⭐⭐),8.46,极强抢筹；若3日无收益或破触发日最低价则离场
2011-03-10,600769,祥龙电业,7.38,4.38,3.46,5.47,极强 (⭐⭐⭐⭐⭐),5.28,极强抢筹；若3日无收益或破触发日最低价则离场
2011-03-10,600080,金花股份,6.93,5.16,3.34,6.83,极强 (⭐⭐⭐⭐⭐),10.53,极强抢筹；若3日无收益或破触发日最低价则离场
2011-03-09,002370,亚太药业,5.94,4.39,3.03,8.13,极强 (⭐⭐⭐⭐⭐),-0.34,极强抢筹；若3日无收益或破触发日最低价则离场
2011-03-02,000017,深中华A,5.86,5.02,3.85,7.0,极强 (⭐⭐⭐⭐⭐),1.71,极强抢筹；若3日无收益或破触发日最低价则离场
2011-03-01,600279,重庆港,8.51,4.29,3.44,10.7,极强 (⭐⭐⭐⭐⭐),0.0,极强抢筹；若3日无收益或破触发日最低价则离场
2011-02-28,600279,重庆港,8.16,6.67,3.99,10.41,极强 (⭐⭐⭐⭐⭐),5.02,极强抢筹；若3日无收益或破触发日最低价则离场
2011-02-28,600333,长春燃气,12.06,7.58,3.26,14.53,极强 (⭐⭐⭐⭐⭐),-0.75,极强抢筹；若3日无收益或破触发日最低价则离场
2011-02-21,002478,常宝股份,7.14,3.93,3.68,14.12,极强 (⭐⭐⭐⭐⭐),2.8,极强抢筹；若3日无收益或破触发日最低价则离场
2011-02-17,000856,冀东装备,10.51,5.0,3.72,5.62,极强 (⭐⭐⭐⭐⭐),7.9,极强抢筹；若3日无收益或破触发日最低价则离场
2011-02-16,002478,常宝股份,6.53,6.87,3.49,9.08,极强 (⭐⭐⭐⭐⭐),12.4,极强抢筹；若3日无收益或破触发日最低价则离场
2011-02-11,000837,秦川机床,14.89,5.3,3.43,5.12,极强 (⭐⭐⭐⭐⭐),15.72,极强抢筹；若3日无收益或破触发日最低价则离场
2010-12-21,600679,上海凤凰,12.21,7.29,4.48,10.3,极强 (⭐⭐⭐⭐⭐),13.68,极强抢筹；若3日无收益或破触发日最低价则离场
2010-11-12,000856,冀东装备,9.58,4.02,3.18,12.49,极强 (⭐⭐⭐⭐⭐),4.49,极强抢筹；若3日无收益或破触发日最低价则离场
2010-11-03,600156,华升股份,5.74,8.3,3.53,6.21,极强 (⭐⭐⭐⭐⭐),2.96,极强抢筹；若3日无收益或破触发日最低价则离场
2010-10-13,000060,中金岭南,10.42,8.2,3.34,9.1,极强 (⭐⭐⭐⭐⭐),8.25,极强抢筹；若3日无收益或破触发日最低价则离场
2010-10-08,000557,西部创业,5.49,4.37,4.48,8.25,极强 (⭐⭐⭐⭐⭐),4.37,极强抢筹；若3日无收益或破触发日最低价则离场
2010-09-09,600444,国机通用,12.36,5.37,3.93,13.61,极强 (⭐⭐⭐⭐⭐),10.92,极强抢筹；若3日无收益或破触发日最低价则离场
2010-08-31,002066,瑞泰科技,7.54,5.16,3.23,7.38,极强 (⭐⭐⭐⭐⭐),6.76,极强抢筹；若3日无收益或破触发日最低价则离场
2010-08-31,600241,时代万恒,6.47,3.19,3.02,5.85,极强 (⭐⭐⭐⭐⭐),3.86,极强抢筹；若3日无收益或破触发日最低价则离场
2010-08-05,600814,杭州解百,7.06,5.37,4.06,6.8,极强 (⭐⭐⭐⭐⭐),3.68,极强抢筹；若3日无收益或破触发日最低价则离场
2010-08-03,600714,金瑞矿业,10.03,4.15,3.58,5.04,极强 (⭐⭐⭐⭐⭐),3.89,极强抢筹；若3日无收益或破触发日最低价则离场
2010-08-02,002198,嘉应制药,5.11,5.14,3.24,12.27,极强 (⭐⭐⭐⭐⭐),4.7,极强抢筹；若3日无收益或破触发日最低价则离场
2010-08-02,002264,新 华 都,6.19,5.99,3.06,5.87,极强 (⭐⭐⭐⭐⭐),14.38,极强抢筹；若3日无收益或破触发日最低价则离场
2010-07-29,000065,北方国际,5.64,5.03,3.02,7.02,极强 (⭐⭐⭐⭐⭐),4.96,极强抢筹；若3日无收益或破触发日最低价则离场
2010-07-28,600241,时代万恒,6.05,7.65,3.81,6.48,极强 (⭐⭐⭐⭐⭐),0.0,极强抢筹；若3日无收益或破触发日最低价则离场
2010-07-28,002235,安妮股份,5.7,7.95,3.54,14.47,极强 (⭐⭐⭐⭐⭐),4.56,极强抢筹；若3日无收益或破触发日最低价则离场
2010-07-27,002205,国统股份,13.81,5.74,3.1,10.76,极强 (⭐⭐⭐⭐⭐),3.33,极强抢筹；若3日无收益或破触发日最低价则离场
2010-07-26,002235,安妮股份,5.41,3.84,4.4,13.39,极强 (⭐⭐⭐⭐⭐),10.17,极强抢筹；若3日无收益或破触发日最低价则离场
2010-07-21,000635,英 力 特,10.96,6.72,3.94,5.97,极强 (⭐⭐⭐⭐⭐),5.66,极强抢筹；若3日无收益或破触发日最低价则离场
2010-07-08,600679,上海凤凰,10.01,3.73,3.53,11.55,极强 (⭐⭐⭐⭐⭐),7.89,极强抢筹；若3日无收益或破触发日最低价则离场
2010-06-10,002333,罗普斯金,7.45,5.97,3.3,12.11,极强 (⭐⭐⭐⭐⭐),8.46,极强抢筹；若3日无收益或破触发日最低价则离场
2010-06-09,002333,罗普斯金,7.03,8.49,3.68,11.53,极强 (⭐⭐⭐⭐⭐),14.94,极强抢筹；若3日无收益或破触发日最低价则离场
2010-04-14,000796,凯撒旅业,7.99,4.44,3.38,11.81,极强 (⭐⭐⭐⭐⭐),-0.88,极强抢筹；若3日无收益或破触发日最低价则离场
2010-04-14,000061,农 产 品,7.52,3.87,3.04,9.48,极强 (⭐⭐⭐⭐⭐),1.06,极强抢筹；若3日无收益或破触发日最低价则离场
2010-04-09,000995,皇台酒业,8.22,4.98,3.11,5.83,极强 (⭐⭐⭐⭐⭐),8.76,极强抢筹；若3日无收益或破触发日最低价则离场
2010-04-07,601008,连云港,5.84,3.55,3.74,6.6,极强 (⭐⭐⭐⭐⭐),-0.51,极强抢筹；若3日无收益或破触发日最低价则离场
2010-04-01,000561,烽火电子,10.3,4.99,4.09,6.39,极强 (⭐⭐⭐⭐⭐),11.55,极强抢筹；若3日无收益或破触发日最低价则离场
2010-04-01,002045,国光电器,10.38,7.56,3.85,8.06,极强 (⭐⭐⭐⭐⭐),5.97,极强抢筹；若3日无收益或破触发日最低价则离场
2010-04-01,002082,万邦德,14.48,5.16,3.33,11.67,极强 (⭐⭐⭐⭐⭐),0.83,极强抢筹；若3日无收益或破触发日最低价则离场
2010-03-30,600857,宁波中百,9.87,5.67,3.58,6.49,极强 (⭐⭐⭐⭐⭐),4.15,极强抢筹；若3日无收益或破触发日最低价则离场
2010-03-22,600152,维科技术,7.5,5.93,3.03,6.52,极强 (⭐⭐⭐⭐⭐),8.27,极强抢筹；若3日无收益或破触发日最低价则离场
2010-03-15,600707,彩虹股份,13.15,7.0,4.41,9.51,极强 (⭐⭐⭐⭐⭐),6.84,极强抢筹；若3日无收益或破触发日最低价则离场
2010-03-11,600235,民丰特纸,8.46,3.17,3.14,5.73,极强 (⭐⭐⭐⭐⭐),-0.35,极强抢筹；若3日无收益或破触发日最低价则离场
2010-03-08,000506,招金黄金,6.74,4.98,4.4,8.85,极强 (⭐⭐⭐⭐⭐),0.3,极强抢筹；若3日无收益或破触发日最低价则离场
2010-03-04,002107,沃华医药,5.54,3.55,3.73,5.97,极强 (⭐⭐⭐⭐⭐),1.99,极强抢筹；若3日无收益或破触发日最低价则离场
2010-03-03,000599,青岛双星,9.07,4.49,3.29,6.18,极强 (⭐⭐⭐⭐⭐),0.66,极强抢筹；若3日无收益或破触发日最低价则离场
2010-02-26,600738,丽尚国潮,7.09,3.05,3.11,9.78,极强 (⭐⭐⭐⭐⭐),16.08,极强抢筹；若3日无收益或破触发日最低价则离场
2010-02-26,002184,海得控制,7.01,4.47,3.09,8.31,极强 (⭐⭐⭐⭐⭐),2.57,极强抢筹；若3日无收益或破触发日最低价则离场
2010-01-18,600722,金牛化工,6.58,4.94,3.1,6.73,极强 (⭐⭐⭐⭐⭐),6.69,极强抢筹；若3日无收益或破触发日最低价则离场
2010-01-13,002212,天融信,9.04,3.31,3.94,15.22,极强 (⭐⭐⭐⭐⭐),8.85,极强抢筹；若3日无收益或破触发日最低价则离场
2010-01-11,600706,曲江文旅,7.85,5.09,3.24,7.51,极强 (⭐⭐⭐⭐⭐),0.64,极强抢筹；若3日无收益或破触发日最低价则离场
2010-01-07,600749,西藏旅游,10.67,6.59,3.36,15.36,极强 (⭐⭐⭐⭐⭐),20.15,极强抢筹；若3日无收益或破触发日最低价则离场
2009-12-25,600416,湘电股份,10.51,3.14,3.19,7.84,极强 (⭐⭐⭐⭐⭐),3.81,极强抢筹；若3日无收益或破触发日最低价则离场
2009-11-16,600281,华阳新材,9.28,8.16,3.63,6.22,极强 (⭐⭐⭐⭐⭐),6.68,极强抢筹；若3日无收益或破触发日最低价则离场
2009-11-13,600084,中信尼雅,8.63,4.99,3.92,7.92,极强 (⭐⭐⭐⭐⭐),10.43,极强抢筹；若3日无收益或破触发日最低价则离场
2009-11-04,600722,金牛化工,5.98,4.36,3.49,5.86,极强 (⭐⭐⭐⭐⭐),3.34,极强抢筹；若3日无收益或破触发日最低价则离场
2009-11-03,600416,湘电股份,9.84,6.96,3.25,8.5,极强 (⭐⭐⭐⭐⭐),3.66,极强抢筹；若3日无收益或破触发日最低价则离场
2009-11-02,600676,交运股份,6.12,8.32,3.36,6.49,极强 (⭐⭐⭐⭐⭐),9.97,极强抢筹；若3日无收益或破触发日最低价则离场
2009-10-28,002097,山河智能,7.42,4.07,3.22,8.19,极强 (⭐⭐⭐⭐⭐),0.54,极强抢筹；若3日无收益或破触发日最低价则离场
2009-10-26,600765,中航重机,7.55,3.71,3.94,14.84,极强 (⭐⭐⭐⭐⭐),3.18,极强抢筹；若3日无收益或破触发日最低价则离场
2009-09-29,600250,南京商旅,6.58,5.11,3.11,7.47,极强 (⭐⭐⭐⭐⭐),12.16,极强抢筹；若3日无收益或破触发日最低价则离场
2009-07-21,000586,汇源通信,7.74,5.02,3.07,9.4,极强 (⭐⭐⭐⭐⭐),4.65,极强抢筹；若3日无收益或破触发日最低价则离场
2009-07-15,600110,诺德股份,7.6,5.12,3.53,12.88,极强 (⭐⭐⭐⭐⭐),6.05,极强抢筹；若3日无收益或破触发日最低价则离场
2009-07-14,002107,沃华医药,6.07,3.94,3.02,9.07,极强 (⭐⭐⭐⭐⭐),53.87,极强抢筹；若3日无收益或破触发日最低价则离场
2009-07-08,600523,贵航股份,7.73,6.04,3.24,11.93,极强 (⭐⭐⭐⭐⭐),8.54,极强抢筹；若3日无收益或破触发日最低价则离场
2009-06-08,600595,中孚实业,6.47,7.3,3.07,7.86,极强 (⭐⭐⭐⭐⭐),1.7,极强抢筹；若3日无收益或破触发日最低价则离场
2009-06-03,600459,贵研铂业,7.38,4.98,3.15,19.08,极强 (⭐⭐⭐⭐⭐),3.12,极强抢筹；若3日无收益或破触发日最低价则离场
2009-05-21,002237,恒邦股份,10.5,7.25,3.53,22.47,极强 (⭐⭐⭐⭐⭐),10.0,极强抢筹；若3日无收益或破触发日最低价则离场
2009-05-21,000856,冀东装备,6.38,4.93,3.05,11.19,极强 (⭐⭐⭐⭐⭐),10.5,极强抢筹；若3日无收益或破触发日最低价则离场
2009-04-13,600595,中孚实业,5.87,7.12,4.15,11.51,极强 (⭐⭐⭐⭐⭐),8.01,极强抢筹；若3日无收益或破触发日最低价则离场
2009-04-09,000892,欢瑞世纪,8.99,5.02,3.87,22.95,极强 (⭐⭐⭐⭐⭐),2.11,极强抢筹；若3日无收益或破触发日最低价则离场
2009-02-16,600476,湘邮科技,9.51,7.58,3.7,14.43,极强 (⭐⭐⭐⭐⭐),-1.68,极强抢筹；若3日无收益或破触发日最低价则离场
2009-02-13,600476,湘邮科技,8.84,4.99,3.36,11.22,极强 (⭐⭐⭐⭐⭐),8.03,极强抢筹；若3日无收益或破触发日最低价则离场
2009-02-12,600843,上工申贝,5.66,5.6,3.1,7.72,极强 (⭐⭐⭐⭐⭐),11.84,极强抢筹；若3日无收益或破触发日最低价则离场
2009-02-03,000950,重药控股,7.79,4.01,3.16,9.98,极强 (⭐⭐⭐⭐⭐),4.36,极强抢筹；若3日无收益或破触发日最低价则离场
2008-08-06,600838,上海九百,5.15,4.67,3.38,5.06,极强 (⭐⭐⭐⭐⭐),3.69,极强抢筹；若3日无收益或破触发日最低价则离场
2008-07-15,600163,中闽能源,5.5,4.36,3.09,10.72,极强 (⭐⭐⭐⭐⭐),1.82,极强抢筹；若3日无收益或破触发日最低价则离场
2008-07-09,600595,中孚实业,7.55,7.86,4.46,6.81,极强 (⭐⭐⭐⭐⭐),3.71,极强抢筹；若3日无收益或破触发日最低价则离场
2008-07-09,600459,贵研铂业,6.83,4.43,4.03,12.55,极强 (⭐⭐⭐⭐⭐),2.2,极强抢筹；若3日无收益或破触发日最低价则离场
2008-06-16,601002,晋亿实业,6.37,5.12,3.22,6.78,极强 (⭐⭐⭐⭐⭐),0.47,极强抢筹；若3日无收益或破触发日最低价则离场
2008-05-12,600590,泰豪科技,5.63,4.65,3.78,6.87,极强 (⭐⭐⭐⭐⭐),-0.89,极强抢筹；若3日无收益或破触发日最低价则离场
2008-05-12,600356,恒丰纸业,7.18,7.0,3.39,7.31,极强 (⭐⭐⭐⭐⭐),1.25,极强抢筹；若3日无收益或破触发日最低价则离场
2008-05-07,000007,全新好,6.09,5.0,3.42,8.26,极强 (⭐⭐⭐⭐⭐),3.28,极强抢筹；若3日无收益或破触发日最低价则离场
2008-03-11,600719,大连热电,5.03,5.23,4.09,8.74,极强 (⭐⭐⭐⭐⭐),3.58,极强抢筹；若3日无收益或破触发日最低价则离场
2008-03-05,600152,维科技术,10.55,3.23,3.13,7.26,极强 (⭐⭐⭐⭐⭐),9.67,极强抢筹；若3日无收益或破触发日最低价则离场
2008-03-03,600590,泰豪科技,6.13,5.51,4.1,9.14,极强 (⭐⭐⭐⭐⭐),4.08,极强抢筹；若3日无收益或破触发日最低价则离场
2008-02-29,600773,西藏城投,9.49,5.09,3.07,9.13,极强 (⭐⭐⭐⭐⭐),4.85,极强抢筹；若3日无收益或破触发日最低价则离场
2008-01-16,600579,中化装备,11.15,4.99,3.71,12.53,极强 (⭐⭐⭐⭐⭐),4.04,极强抢筹；若3日无收益或破触发日最低价则离场
2008-01-16,600714,金瑞矿业,15.53,5.07,3.13,8.75,极强 (⭐⭐⭐⭐⭐),5.09,极强抢筹；若3日无收益或破触发日最低价则离场
2008-01-15,600714,金瑞矿业,14.78,5.12,4.25,10.33,极强 (⭐⭐⭐⭐⭐),10.42,极强抢筹；若3日无收益或破触发日最低价则离场
2007-12-28,600706,曲江文旅,8.4,5.0,3.78,6.74,极强 (⭐⭐⭐⭐⭐),7.38,极强抢筹；若3日无收益或破触发日最低价则离场
2007-12-28,600371,万向德农,5.54,7.99,3.08,7.93,极强 (⭐⭐⭐⭐⭐),27.44,极强抢筹；若3日无收益或破触发日最低价则离场
2007-12-24,600367,红星发展,15.44,3.49,3.83,5.43,极强 (⭐⭐⭐⭐⭐),6.35,极强抢筹；若3日无收益或破触发日最低价则离场
2007-12-21,600235,民丰特纸,6.84,3.95,4.27,8.2,极强 (⭐⭐⭐⭐⭐),4.39,极强抢筹；若3日无收益或破触发日最低价则离场
2007-12-20,600198,大唐电信,17.97,4.17,4.06,5.2,极强 (⭐⭐⭐⭐⭐),5.4,极强抢筹；若3日无收益或破触发日最低价则离场
2007-12-11,000890,法尔胜,6.43,3.54,4.23,6.21,极强 (⭐⭐⭐⭐⭐),2.8,极强抢筹；若3日无收益或破触发日最低价则离场
2007-10-15,000026,飞亚达,13.5,6.3,3.58,16.04,极强 (⭐⭐⭐⭐⭐),1.33,极强抢筹；若3日无收益或破触发日最低价则离场
2007-09-27,000026,飞亚达,12.7,6.37,3.3,13.07,极强 (⭐⭐⭐⭐⭐),7.72,极强抢筹；若3日无收益或破触发日最低价则离场
2007-09-26,000026,飞亚达,11.94,6.42,3.95,13.64,极强 (⭐⭐⭐⭐⭐),14.57,极强抢筹；若3日无收益或破触发日最低价则离场
2007-09-14,000498,山东路桥,9.35,5.53,3.65,25.82,极强 (⭐⭐⭐⭐⭐),-0.86,极强抢筹；若3日无收益或破触发日最低价则离场
2007-09-06,000498,山东路桥,8.44,5.63,3.41,22.24,极强 (⭐⭐⭐⭐⭐),24.17,极强抢筹；若3日无收益或破触发日最低价则离场
2007-09-05,002103,广博股份,6.51,8.32,3.27,10.11,极强 (⭐⭐⭐⭐⭐),5.53,极强抢筹；若3日无收益或破触发日最低价则离场
2007-08-03,000599,青岛双星,6.57,5.63,3.75,13.04,极强 (⭐⭐⭐⭐⭐),5.33,极强抢筹；若3日无收益或破触发日最低价则离场
2007-08-03,600824,益民集团,5.34,8.32,3.07,7.94,极强 (⭐⭐⭐⭐⭐),2.06,极强抢筹；若3日无收益或破触发日最低价则离场
2007-08-02,000950,重药控股,7.14,3.33,3.08,14.63,极强 (⭐⭐⭐⭐⭐),1.12,极强抢筹；若3日无收益或破触发日最低价则离场
2007-07-30,600888,新疆众和,7.83,6.1,3.24,5.72,极强 (⭐⭐⭐⭐⭐),33.08,极强抢筹；若3日无收益或破触发日最低价则离场
2007-07-27,000026,飞亚达,10.99,6.6,3.56,6.95,极强 (⭐⭐⭐⭐⭐),8.92,极强抢筹；若3日无收益或破触发日最低价则离场
2007-06-11,600721,百花医药,10.89,5.01,3.93,11.04,极强 (⭐⭐⭐⭐⭐),-0.46,极强抢筹；若3日无收益或破触发日最低价则离场
2007-06-07,600721,百花医药,9.88,4.99,3.93,7.7,极强 (⭐⭐⭐⭐⭐),10.22,极强抢筹；若3日无收益或破触发日最低价则离场
2007-05-10,000633,合金投资,11.21,5.06,3.24,14.27,极强 (⭐⭐⭐⭐⭐),4.37,极强抢筹；若3日无收益或破触发日最低价则离场
2007-04-26,000633,合金投资,8.78,5.02,3.11,9.85,极强 (⭐⭐⭐⭐⭐),27.68,极强抢筹；若3日无收益或破触发日最低价则离场
2007-04-19,000561,烽火电子,6.47,5.03,3.12,15.29,极强 (⭐⭐⭐⭐⭐),10.36,极强抢筹；若3日无收益或破触发日最低价则离场
2007-03-28,000050,深天马Ａ,7.14,7.05,3.13,19.14,极强 (⭐⭐⭐⭐⭐),1.68,极强抢筹；若3日无收益或破触发日最低价则离场
2007-03-16,000582,北部湾港,5.86,6.74,3.95,14.79,极强 (⭐⭐⭐⭐⭐),121.5,极强抢筹；若3日无收益或破触发日最低价则离场
2007-03-14,600773,西藏城投,5.59,5.27,3.08,14.71,极强 (⭐⭐⭐⭐⭐),5.19,极强抢筹；若3日无收益或破触发日最低价则离场
2006-09-27,600768,宁波富邦,7.77,3.19,3.97,16.97,极强 (⭐⭐⭐⭐⭐),-0.13,极强抢筹；若3日无收益或破触发日最低价则离场
2006-04-14,600843,上工申贝,5.23,6.73,3.33,12.2,极强 (⭐⭐⭐⭐⭐),36.14,极强抢筹；若3日无收益或破触发日最低价则离场
2006-04-07,600714,金瑞矿业,6.13,5.87,3.27,9.97,极强 (⭐⭐⭐⭐⭐),0.98,极强抢筹；若3日无收益或破触发日最低价则离场
2006-01-11,600058,五矿发展,7.08,3.51,3.27,6.45,极强 (⭐⭐⭐⭐⭐),1.13,极强抢筹；若3日无收益或破触发日最低价则离场
2004-11-25,600969,郴电国际,5.19,4.01,3.53,7.9,极强 (⭐⭐⭐⭐⭐),0.0,极强抢筹；若3日无收益或破触发日最低价则离场
2004-11-23,600444,国机通用,5.79,3.39,3.05,5.69,极强 (⭐⭐⭐⭐⭐),0.17,极强抢筹；若3日无收益或破触发日最低价则离场
2004-10-27,000586,汇源通信,6.23,4.53,3.09,5.38,极强 (⭐⭐⭐⭐⭐),1.93,极强抢筹；若3日无收益或破触发日最低价则离场
2004-10-15,600100,同方股份,5.13,8.23,4.46,8.22,极强 (⭐⭐⭐⭐⭐),2.73,极强抢筹；若3日无收益或破触发日最低价则离场
2004-06-01,600476,湘邮科技,7.96,4.87,3.01,5.78,极强 (⭐⭐⭐⭐⭐),2.01,极强抢筹；若3日无收益或破触发日最低价则离场
2004-04-12,000510,新金路,5.42,4.03,4.18,10.22,极强 (⭐⭐⭐⭐⭐),0.37,极强抢筹；若3日无收益或破触发日最低价则离场
2004-04-07,600058,五矿发展,9.47,5.22,4.06,7.23,极强 (⭐⭐⭐⭐⭐),4.54,极强抢筹；若3日无收益或破触发日最低价则离场
2004-04-05,000695,滨海能源,5.96,4.75,3.07,10.44,极强 (⭐⭐⭐⭐⭐),7.72,极强抢筹；若3日无收益或破触发日最低价则离场
2004-03-30,000532,华金资本,5.07,3.89,3.21,6.94,极强 (⭐⭐⭐⭐⭐),20.51,极强抢筹；若3日无收益或破触发日最低价则离场
2004-02-24,600860,京城股份,7.31,3.39,3.17,9.23,极强 (⭐⭐⭐⭐⭐),6.16,极强抢筹；若3日无收益或破触发日最低价则离场
2004-02-23,600137,浪莎股份,6.91,5.82,4.17,9.25,极强 (⭐⭐⭐⭐⭐),5.21,极强抢筹；若3日无收益或破触发日最低价则离场
2004-02-12,000695,滨海能源,5.82,5.05,3.41,11.21,极强 (⭐⭐⭐⭐⭐),0.17,极强抢筹；若3日无收益或破触发日最低价则离场
2004-01-13,000586,汇源通信,6.02,5.06,3.91,5.11,极强 (⭐⭐⭐⭐⭐),11.3,极强抢筹；若3日无收益或破触发日最低价则离场
2004-01-13,600707,彩虹股份,10.0,4.93,3.07,5.22,极强 (⭐⭐⭐⭐⭐),11.0,极强抢筹；若3日无收益或破触发日最低价则离场
2003-06-17,600137,浪莎股份,7.6,5.7,3.25,6.14,极强 (⭐⭐⭐⭐⭐),4.47,极强抢筹；若3日无收益或破触发日最低价则离场
2003-06-16,600137,浪莎股份,7.19,5.43,3.59,5.87,极强 (⭐⭐⭐⭐⭐),10.43,极强抢筹；若3日无收益或破触发日最低价则离场
2003-05-29,600100,同方股份,5.1,7.37,3.55,5.29,极强 (⭐⭐⭐⭐⭐),3.53,极强抢筹；若3日无收益或破触发日最低价则离场
2003-04-11,600579,中化装备,6.92,4.85,3.42,8.87,极强 (⭐⭐⭐⭐⭐),7.95,极强抢筹；若3日无收益或破触发日最低价则离场
2003-04-11,600235,民丰特纸,14.21,3.2,3.36,5.77,极强 (⭐⭐⭐⭐⭐),10.77,极强抢筹；若3日无收益或破触发日最低价则离场
2003-04-11,600215,派斯林,5.4,3.05,3.09,5.16,极强 (⭐⭐⭐⭐⭐),8.7,极强抢筹；若3日无收益或破触发日最低价则离场
2003-01-22,600137,浪莎股份,9.69,5.56,3.07,5.95,极强 (⭐⭐⭐⭐⭐),5.16,极强抢筹；若3日无收益或破触发日最低价则离场
2003-01-16,600579,中化装备,6.57,5.63,3.66,9.85,极强 (⭐⭐⭐⭐⭐),1.83,极强抢筹；若3日无收益或破触发日最低价则离场
2003-01-06,000701,厦门信达,6.03,3.43,4.42,9.25,极强 (⭐⭐⭐⭐⭐),8.96,极强抢筹；若3日无收益或破触发日最低价则离场
2003-01-03,000701,厦门信达,5.83,4.48,4.19,6.91,极强 (⭐⭐⭐⭐⭐),12.69,极强抢筹；若3日无收益或破触发日最低价则离场
2002-11-05,000058,深 赛 格,9.77,4.72,3.03,5.36,极强 (⭐⭐⭐⭐⭐),1.84,极强抢筹；若3日无收益或破触发日最低价则离场
2002-08-16,600714,金瑞矿业,12.26,3.63,4.38,6.39,极强 (⭐⭐⭐⭐⭐),0.65,极强抢筹；若3日无收益或破触发日最低价则离场
2002-03-14,600135,乐凯胶片,11.54,4.34,3.14,6.39,极强 (⭐⭐⭐⭐⭐),3.73,极强抢筹；若3日无收益或破触发日最低价则离场
2002-03-11,600651,飞乐音响,6.03,6.91,3.91,5.67,极强 (⭐⭐⭐⭐⭐),5.97,极强抢筹；若3日无收益或破触发日最低价则离场
2002-03-11,000590,启迪药业,9.33,6.87,3.53,9.29,极强 (⭐⭐⭐⭐⭐),4.93,极强抢筹；若3日无收益或破触发日最低价则离场
2001-06-12,600857,宁波中百,10.59,4.54,4.38,5.34,极强 (⭐⭐⭐⭐⭐),1.04,极强抢筹；若3日无收益或破触发日最低价则离场
2001-06-06,000955,欣龙控股,8.65,3.22,3.99,5.3,极强 (⭐⭐⭐⭐⭐),4.62,极强抢筹；若3日无收益或破触发日最低价则离场
2001-06-04,600232,金鹰股份,13.18,3.86,3.19,6.15,极强 (⭐⭐⭐⭐⭐),1.29,极强抢筹；若3日无收益或破触发日最低价则离场
2001-05-25,000957,中通客车,6.68,5.2,3.34,8.32,极强 (⭐⭐⭐⭐⭐),11.38,极强抢筹；若3日无收益或破触发日最低价则离场
2001-05-22,600302,标准股份,12.35,4.31,4.22,5.74,极强 (⭐⭐⭐⭐⭐),1.13,极强抢筹；若3日无收益或破触发日最低价则离场
2001-05-09,600730,中国高科,5.43,3.82,3.39,6.25,极强 (⭐⭐⭐⭐⭐),3.13,极强抢筹；若3日无收益或破触发日最低价则离场
2001-04-18,600279,重庆港,8.98,4.18,3.87,6.87,极强 (⭐⭐⭐⭐⭐),2.78,极强抢筹；若3日无收益或破触发日最低价则离场
2001-04-17,600860,京城股份,13.35,4.46,4.46,11.98,极强 (⭐⭐⭐⭐⭐),-0.22,极强抢筹；若3日无收益或破触发日最低价则离场
2001-04-17,000913,钱江摩托,6.65,3.74,3.43,7.13,极强 (⭐⭐⭐⭐⭐),3.46,极强抢筹；若3日无收益或破触发日最低价则离场
2001-03-28,000821,京山轻机,13.67,4.35,3.25,13.66,极强 (⭐⭐⭐⭐⭐),1.1,极强抢筹；若3日无收益或破触发日最低价则离场
2000-12-07,600843,上工申贝,14.67,6.0,3.35,14.34,极强 (⭐⭐⭐⭐⭐),0.95,极强抢筹；若3日无收益或破触发日最低价则离场
2000-12-07,600618,氯碱化工,13.48,6.9,3.14,17.29,极强 (⭐⭐⭐⭐⭐),3.86,极强抢筹；若3日无收益或破触发日最低价则离场
2000-11-29,000301,东方盛虹,6.14,3.54,3.85,5.03,极强 (⭐⭐⭐⭐⭐),1.63,极强抢筹；若3日无收益或破触发日最低价则离场
2000-11-29,000546,金圆股份,7.42,5.55,3.2,11.64,极强 (⭐⭐⭐⭐⭐),7.68,极强抢筹；若3日无收益或破触发日最低价则离场
2000-11-27,600858,银座股份,5.31,4.12,3.96,10.91,极强 (⭐⭐⭐⭐⭐),1.32,极强抢筹；若3日无收益或破触发日最低价则离场
2000-11-27,000600,建投能源,6.19,7.47,3.51,6.66,极强 (⭐⭐⭐⭐⭐),1.78,极强抢筹；若3日无收益或破触发日最低价则离场
2000-11-16,000823,超声电子,10.74,4.58,3.87,7.27,极强 (⭐⭐⭐⭐⭐),9.31,极强抢筹；若3日无收益或破触发日最低价则离场
2000-09-06,000735,罗 牛 山,6.44,6.8,3.08,6.64,极强 (⭐⭐⭐⭐⭐),3.57,极强抢筹；若3日无收益或破触发日最低价则离场
2000-08-28,000859,国风新材,5.13,3.64,3.28,6.8,极强 (⭐⭐⭐⭐⭐),1.56,极强抢筹；若3日无收益或破触发日最低价则离场
2000-08-21,000505,京粮控股,8.7,5.45,3.09,6.08,极强 (⭐⭐⭐⭐⭐),6.67,极强抢筹；若3日无收益或破触发日最低价则离场
2000-08-10,000635,英 力 特,9.21,3.14,3.95,5.73,极强 (⭐⭐⭐⭐⭐),3.15,极强抢筹；若3日无收益或破触发日最低价则离场
2000-08-08,000058,深 赛 格,13.88,5.23,4.41,5.46,极强 (⭐⭐⭐⭐⭐),5.04,极强抢筹；若3日无收益或破触发日最低价则离场
2000-08-08,000017,深中华A,5.95,4.94,3.14,5.81,极强 (⭐⭐⭐⭐⭐),2.69,极强抢筹；若3日无收益或破触发日最低价则离场
2000-07-31,600706,曲江文旅,13.11,6.07,4.2,5.1,极强 (⭐⭐⭐⭐⭐),3.43,极强抢筹；若3日无收益或破触发日最低价则离场
2000-07-28,000546,金圆股份,5.92,5.71,3.63,8.29,极强 (⭐⭐⭐⭐⭐),1.35,极强抢筹；若3日无收益或破触发日最低价则离场
2000-07-25,000586,汇源通信,14.12,4.13,3.21,10.18,极强 (⭐⭐⭐⭐⭐),4.6,极强抢筹；若3日无收益或破触发日最低价则离场
2000-07-24,600152,维科技术,10.22,5.36,4.23,6.92,极强 (⭐⭐⭐⭐⭐),2.45,极强抢筹；若3日无收益或破触发日最低价则离场
2000-07-24,600099,林海股份,7.98,6.26,4.05,8.66,极强 (⭐⭐⭐⭐⭐),6.89,极强抢筹；若3日无收益或破触发日最低价则离场
2000-07-10,000802,北京文化,6.4,8.29,3.94,6.61,极强 (⭐⭐⭐⭐⭐),8.91,极强抢筹；若3日无收益或破触发日最低价则离场
2000-06-28,000695,滨海能源,11.76,5.85,3.99,14.95,极强 (⭐⭐⭐⭐⭐),18.2,极强抢筹；若3日无收益或破触发日最低价则离场
2000-06-19,600359,新农开发,11.45,8.33,3.92,6.68,极强 (⭐⭐⭐⭐⭐),2.79,极强抢筹；若3日无收益或破触发日最低价则离场
2000-06-12,600137,浪莎股份,13.6,5.43,4.45,12.32,极强 (⭐⭐⭐⭐⭐),6.47,极强抢筹；若3日无收益或破触发日最低价则离场
2000-06-12,000695,滨海能源,10.28,5.54,4.4,7.74,极强 (⭐⭐⭐⭐⭐),1.85,极强抢筹；若3日无收益或破触发日最低价则离场
2000-06-08,000017,深中华A,6.32,4.98,3.35,9.19,极强 (⭐⭐⭐⭐⭐),8.7,极强抢筹；若3日无收益或破触发日最低价则离场
2000-06-07,000546,金圆股份,5.13,5.77,4.41,5.9,极强 (⭐⭐⭐⭐⭐),6.63,极强抢筹；若3日无收益或破触发日最低价则离场
2000-06-02,600678,四川金顶,5.24,4.17,4.37,6.85,极强 (⭐⭐⭐⭐⭐),5.73,极强抢筹；若3日无收益或破触发日最低价则离场
2000-05-30,600692,亚通股份,5.27,4.36,3.96,5.6,极强 (⭐⭐⭐⭐⭐),3.61,极强抢筹；若3日无收益或破触发日最低价则离场
2000-04-25,600191,华资实业,8.67,3.34,3.12,5.43,极强 (⭐⭐⭐⭐⭐),1.15,极强抢筹；若3日无收益或破触发日最低价则离场
2000-04-14,600156,华升股份,10.51,8.13,3.9,10.95,极强 (⭐⭐⭐⭐⭐),14.08,极强抢筹；若3日无收益或破触发日最低价则离场
2000-04-12,000796,凯撒旅业,7.44,4.94,3.13,6.68,极强 (⭐⭐⭐⭐⭐),1.08,极强抢筹；若3日无收益或破触发日最低价则离场
2000-04-10,000796,凯撒旅业,7.28,4.75,3.58,6.19,极强 (⭐⭐⭐⭐⭐),3.3,极强抢筹；若3日无收益或破触发日最低价则离场
2000-04-04,600137,浪莎股份,13.17,5.11,3.02,9.61,极强 (⭐⭐⭐⭐⭐),5.69,极强抢筹；若3日无收益或破触发日最低价则离场
2000-03-28,000017,深中华A,5.62,5.05,3.24,13.2,极强 (⭐⭐⭐⭐⭐),7.65,极强抢筹；若3日无收益或破触发日最低价则离场
2000-03-24,000626,远大控股,7.63,3.11,3.26,9.04,极强 (⭐⭐⭐⭐⭐),11.66,极强抢筹；若3日无收益或破触发日最低价则离场
2000-03-21,000856,冀东装备,5.78,8.24,3.43,14.3,极强 (⭐⭐⭐⭐⭐),4.15,极强抢筹；若3日无收益或破触发日最低价则离场
2000-02-18,000635,英 力 特,9.15,7.9,3.97,15.56,极强 (⭐⭐⭐⭐⭐),20.11,极强抢筹；若3日无收益或破触发日最低价则离场
2000-02-16,000695,滨海能源,8.85,5.23,3.55,8.9,极强 (⭐⭐⭐⭐⭐),10.06,极强抢筹；若3日无收益或破触发日最低价则离场
2000-02-14,600152,维科技术,8.95,7.31,4.19,12.12,极强 (⭐⭐⭐⭐⭐),0.89,极强抢筹；若3日无收益或破触发日最低价则离场
2000-01-10,600857,宁波中百,8.51,5.98,3.54,6.38,极强 (⭐⭐⭐⭐⭐),2.23,极强抢筹；若3日无收益或破触发日最低价则离场
2000-01-06,000755,山西高速,7.21,3.0,3.95,12.57,极强 (⭐⭐⭐⭐⭐),5.69,极强抢筹；若3日无收益或破触发日最低价则离场
2000-01-06,600163,中闽能源,5.96,3.11,3.83,5.7,极强 (⭐⭐⭐⭐⭐),8.39,极强抢筹；若3日无收益或破触发日最低价则离场
1999-12-17,000506,招金黄金,5.0,5.04,4.21,5.35,极强 (⭐⭐⭐⭐⭐),15.0,极强抢筹；若3日无收益或破触发日最低价则离场
1999-12-02,600848,上海临港,7.97,5.15,3.65,7.43,极强 (⭐⭐⭐⭐⭐),4.39,极强抢筹；若3日无收益或破触发日最低价则离场
1999-12-02,600714,金瑞矿业,6.47,4.52,3.27,5.77,极强 (⭐⭐⭐⭐⭐),2.01,极强抢筹；若3日无收益或破触发日最低价则离场
1999-10-29,600838,上海九百,6.72,3.23,4.41,8.11,极强 (⭐⭐⭐⭐⭐),5.65,极强抢筹；若3日无收益或破触发日最低价则离场
1999-10-15,600148,长春一东,7.68,5.79,3.11,7.28,极强 (⭐⭐⭐⭐⭐),5.6,极强抢筹；若3日无收益或破触发日最低价则离场
1999-09-14,600722,金牛化工,15.33,3.37,3.56,5.22,极强 (⭐⭐⭐⭐⭐),1.76,极强抢筹；若3日无收益或破触发日最低价则离场
1999-09-13,000710,贝瑞基因,7.86,5.22,3.22,5.52,极强 (⭐⭐⭐⭐⭐),0.89,极强抢筹；若3日无收益或破触发日最低价则离场
1999-08-24,600749,西藏旅游,8.57,5.54,3.73,5.99,极强 (⭐⭐⭐⭐⭐),4.43,极强抢筹；若3日无收益或破触发日最低价则离场
1999-08-16,600618,氯碱化工,9.06,4.02,3.79,8.11,极强 (⭐⭐⭐⭐⭐),9.27,极强抢筹；若3日无收益或破触发日最低价则离场
1999-08-11,600618,氯碱化工,8.88,6.99,4.38,7.21,极强 (⭐⭐⭐⭐⭐),7.88,极强抢筹；若3日无收益或破触发日最低价则离场
1999-08-05,600163,中闽能源,5.67,7.79,3.49,16.44,极强 (⭐⭐⭐⭐⭐),2.12,极强抢筹；若3日无收益或破触发日最低价则离场
1999-08-03,600163,中闽能源,5.22,8.3,3.97,12.74,极强 (⭐⭐⭐⭐⭐),10.92,极强抢筹；若3日无收益或破触发日最低价则离场
1999-07-29,600156,华升股份,10.47,8.16,3.91,12.38,极强 (⭐⭐⭐⭐⭐),1.62,极强抢筹；若3日无收益或破触发日最低价则离场
1999-07-28,600191,华资实业,8.01,4.98,4.08,14.97,极强 (⭐⭐⭐⭐⭐),30.09,极强抢筹；若3日无收益或破触发日最低价则离场
1999-06-29,000506,招金黄金,5.23,5.02,3.39,15.23,极强 (⭐⭐⭐⭐⭐),-4.02,极强抢筹；若3日无收益或破触发日最低价则离场
1999-06-24,600148,长春一东,8.01,6.66,3.15,15.22,极强 (⭐⭐⭐⭐⭐),2.5,极强抢筹；若3日无收益或破触发日最低价则离场
1999-06-24,000755,山西高速,5.55,6.53,3.11,11.94,极强 (⭐⭐⭐⭐⭐),15.68,极强抢筹；若3日无收益或破触发日最低价则离场
1999-06-22,600148,长春一东,7.54,6.8,3.82,14.4,极强 (⭐⭐⭐⭐⭐),8.89,极强抢筹；若3日无收益或破触发日最低价则离场
1999-06-21,000755,山西高速,5.02,7.04,4.17,10.78,极强 (⭐⭐⭐⭐⭐),18.33,极强抢筹；若3日无收益或破触发日最低价则离场
1999-06-17,600099,林海股份,6.36,6.71,4.24,11.86,极强 (⭐⭐⭐⭐⭐),4.4,极强抢筹；若3日无收益或破触发日最低价则离场
1999-06-17,600156,华升股份,9.18,8.25,3.13,13.98,极强 (⭐⭐⭐⭐⭐),19.06,极强抢筹；若3日无收益或破触发日最低价则离场
1999-06-08,600707,彩虹股份,9.25,7.93,3.6,11.81,极强 (⭐⭐⭐⭐⭐),3.68,极强抢筹；若3日无收益或破触发日最低价则离场
1999-06-01,600058,五矿发展,5.95,6.44,4.46,7.9,极强 (⭐⭐⭐⭐⭐),2.69,极强抢筹；若3日无收益或破触发日最低价则离场
1999-05-31,600191,华资实业,6.21,7.25,3.55,11.03,极强 (⭐⭐⭐⭐⭐),6.92,极强抢筹；若3日无收益或破触发日最低价则离场
1999-05-24,000695,滨海能源,8.57,6.33,3.12,6.8,极强 (⭐⭐⭐⭐⭐),4.2,极强抢筹；若3日无收益或破触发日最低价则离场
1999-04-19,600855,航天长峰,5.68,5.38,4.26,5.62,极强 (⭐⭐⭐⭐⭐),7.04,极强抢筹；若3日无收益或破触发日最低价则离场
1999-03-19,600722,金牛化工,5.63,8.48,3.72,6.25,极强 (⭐⭐⭐⭐⭐),5.86,极强抢筹；若3日无收益或破触发日最低价则离场
1999-01-18,600137,浪莎股份,15.12,5.22,3.51,5.03,极强 (⭐⭐⭐⭐⭐),1.32,极强抢筹；若3日无收益或破触发日最低价则离场
1999-01-08,600198,大唐电信,19.19,4.01,3.24,6.46,极强 (⭐⭐⭐⭐⭐),8.29,极强抢筹；若3日无收益或破触发日最低价则离场
1998-11-13,000586,汇源通信,7.37,5.59,3.94,6.89,极强 (⭐⭐⭐⭐⭐),6.78,极强抢筹；若3日无收益或破触发日最低价则离场
1998-11-02,600768,宁波富邦,6.43,3.38,4.2,7.32,极强 (⭐⭐⭐⭐⭐),7.47,极强抢筹；若3日无收益或破触发日最低价则离场
1998-11-02,600128,苏豪弘业,6.75,4.65,3.75,5.54,极强 (⭐⭐⭐⭐⭐),6.67,极强抢筹；若3日无收益或破触发日最低价则离场
1998-10-28,600135,乐凯胶片,5.36,4.69,3.63,6.17,极强 (⭐⭐⭐⭐⭐),1.12,极强抢筹；若3日无收益或破触发日最低价则离场
1998-10-27,600135,乐凯胶片,5.12,5.13,4.09,5.79,极强 (⭐⭐⭐⭐⭐),5.86,极强抢筹；若3日无收益或破触发日最低价则离场
1998-06-30,600679,上海凤凰,6.81,4.93,3.1,13.36,极强 (⭐⭐⭐⭐⭐),1.47,极强抢筹；若3日无收益或破触发日最低价则离场
1998-06-05,600707,彩虹股份,10.53,3.24,3.96,5.73,极强 (⭐⭐⭐⭐⭐),1.71,极强抢筹；若3日无收益或破触发日最低价则离场
1998-06-01,000635,英 力 特,8.68,6.9,3.71,18.67,极强 (⭐⭐⭐⭐⭐),2.88,极强抢筹；若3日无收益或破触发日最低价则离场
1998-05-27,600618,氯碱化工,12.47,3.4,4.36,5.44,极强 (⭐⭐⭐⭐⭐),11.87,极强抢筹；若3日无收益或破触发日最低价则离场
1998-05-27,600860,京城股份,6.41,7.91,3.87,9.23,极强 (⭐⭐⭐⭐⭐),4.99,极强抢筹；若3日无收益或破触发日最低价则离场
1998-05-25,000798,中水渔业,8.28,6.7,3.16,7.72,极强 (⭐⭐⭐⭐⭐),5.92,极强抢筹；若3日无收益或破触发日最低价则离场
1998-04-10,600099,林海股份,6.76,4.48,3.02,6.02,极强 (⭐⭐⭐⭐⭐),5.77,极强抢筹；若3日无收益或破触发日最低价则离场
1998-04-01,600638,新黄浦,11.41,4.58,3.01,5.19,极强 (⭐⭐⭐⭐⭐),5.26,极强抢筹；若3日无收益或破触发日最低价则离场
1998-03-30,000695,滨海能源,5.81,7.39,3.41,5.13,极强 (⭐⭐⭐⭐⭐),16.01,极强抢筹；若3日无收益或破触发日最低价则离场
1998-02-16,000678,襄阳轴承,5.28,6.24,4.06,5.07,极强 (⭐⭐⭐⭐⭐),2.46,极强抢筹；若3日无收益或破触发日最低价则离场
1998-01-19,600769,祥龙电业,9.23,5.49,4.46,5.78,极强 (⭐⭐⭐⭐⭐),6.83,极强抢筹；若3日无收益或破触发日最低价则离场
1998-01-14,000695,滨海能源,5.2,7.66,3.68,6.04,极强 (⭐⭐⭐⭐⭐),7.88,极强抢筹；若3日无收益或破触发日最低价则离场
1998-01-12,000506,招金黄金,5.58,5.48,3.74,15.31,极强 (⭐⭐⭐⭐⭐),12.37,极强抢筹；若3日无收益或破触发日最低价则离场
1997-12-31,000701,厦门信达,7.97,5.7,3.15,5.81,极强 (⭐⭐⭐⭐⭐),16.56,极强抢筹；若3日无收益或破触发日最低价则离场
1997-12-22,600854,春兰股份,15.23,5.84,3.52,6.15,极强 (⭐⭐⭐⭐⭐),2.3,极强抢筹；若3日无收益或破触发日最低价则离场
1997-12-19,600854,春兰股份,14.39,3.01,4.42,6.53,极强 (⭐⭐⭐⭐⭐),8.27,极强抢筹；若3日无收益或破触发日最低价则离场
1997-11-03,600618,氯碱化工,7.03,4.93,3.75,5.02,极强 (⭐⭐⭐⭐⭐),6.4,极强抢筹；若3日无收益或破触发日最低价则离场
1997-10-27,600058,五矿发展,6.39,4.24,4.46,6.21,极强 (⭐⭐⭐⭐⭐),0.63,极强抢筹；若3日无收益或破触发日最低价则离场
1997-10-27,600638,新黄浦,11.1,8.5,4.46,5.73,极强 (⭐⭐⭐⭐⭐),1.26,极强抢筹；若3日无收益或破触发日最低价则离场
1997-07-08,000635,英 力 特,5.65,3.67,4.46,8.72,极强 (⭐⭐⭐⭐⭐),6.02,极强抢筹；若3日无收益或破触发日最低价则离场
1997-04-24,600769,祥龙电业,9.35,7.35,3.89,19.44,极强 (⭐⭐⭐⭐⭐),3.32,极强抢筹；若3日无收益或破触发日最低价则离场
1997-03-18,000590,启迪药业,5.06,7.66,4.24,44.85,极强 (⭐⭐⭐⭐⭐),6.13,极强抢筹；若3日无收益或破触发日最低价则离场
1997-03-11,600722,金牛化工,8.05,6.91,3.24,9.6,极强 (⭐⭐⭐⭐⭐),0.99,极强抢筹；若3日无收益或破触发日最低价则离场
1997-03-04,600707,彩虹股份,8.71,4.19,3.93,15.42,极强 (⭐⭐⭐⭐⭐),4.48,极强抢筹；若3日无收益或破触发日最低价则离场
1997-02-21,600638,新黄浦,5.78,4.52,3.93,6.18,极强 (⭐⭐⭐⭐⭐),4.15,极强抢筹；若3日无收益或破触发日最低价则离场
1997-02-17,600706,曲江文旅,5.71,8.14,3.36,9.62,极强 (⭐⭐⭐⭐⭐),3.68,极强抢筹；若3日无收益或破触发日最低价则离场
1996-12-06,600722,金牛化工,8.23,5.92,3.84,18.08,极强 (⭐⭐⭐⭐⭐),13.24,极强抢筹；若3日无收益或破触发日最低价则离场
1996-12-06,600843,上工申贝,5.05,4.77,3.61,14.6,极强 (⭐⭐⭐⭐⭐),4.16,极强抢筹；若3日无收益或破触发日最低价则离场
1996-12-05,600877,电科芯片,5.9,7.86,4.15,11.65,极强 (⭐⭐⭐⭐⭐),1.86,极强抢筹；若3日无收益或破触发日最低价则离场
1996-12-02,600722,金牛化工,7.67,6.68,4.39,11.01,极强 (⭐⭐⭐⭐⭐),21.12,极强抢筹；若3日无收益或破触发日最低价则离场
1996-10-23,600706,曲江文旅,6.8,7.59,4.2,24.79,极强 (⭐⭐⭐⭐⭐),1.91,极强抢筹；若3日无收益或破触发日最低价则离场
1996-10-17,600721,百花医药,5.77,4.53,3.07,9.89,极强 (⭐⭐⭐⭐⭐),4.33,极强抢筹；若3日无收益或破触发日最低价则离场
1996-10-10,600638,新黄浦,6.46,5.9,3.1,6.65,极强 (⭐⭐⭐⭐⭐),1.24,极强抢筹；若3日无收益或破触发日最低价则离场
1996-10-08,000586,汇源通信,6.15,4.59,4.05,13.31,极强 (⭐⭐⭐⭐⭐),2.76,极强抢筹；若3日无收益或破触发日最低价则离场
1996-08-12,600721,百花医药,6.03,6.73,4.47,14.61,极强 (⭐⭐⭐⭐⭐),0.0,极强抢筹；若3日无收益或破触发日最低价则离场
1996-06-20,600707,彩虹股份,5.88,6.52,3.06,20.27,极强 (⭐⭐⭐⭐⭐),10.88,极强抢筹；若3日无收益或破触发日最低价则离场
1995-07-25,600843,上工申贝,7.42,8.48,4.32,11.1,极强 (⭐⭐⭐⭐⭐),0.0,极强抢筹；若3日无收益或破触发日最低价则离场
1995-03-07,600843,上工申贝,6.09,4.1,3.88,6.51,极强 (⭐⭐⭐⭐⭐),-0.16,极强抢筹；若3日无收益或破触发日最低价则离场
1994-09-06,600679,上海凤凰,7.12,6.91,3.15,19.19,极强 (⭐⭐⭐⭐⭐),17.28,极强抢筹；若3日无收益或破触发日最低价则离场
